"Table 1. Number of Deaths by Cause, by Age Group and by  Sex, Philippines: 2006-2015",,,,,,,,,,,,,,,,,,,,,
,,,,,,,,,,,,,,,,,,,,,
 Cause of Death and Age Group ,,2006,,2007,,2008,,2009,,2010,,2011,,2012,,2013,,2014,,2015,
,,Male,Female,Male,Female,Male,Female,Male,Female,Male,Female,Male,Female,Male,Female,Male,Female,Male,Female,Male,Female
,,,,,,,,,,,,,,,,,,,,,
,,,,,,,,,,,,,,,,,,,,,
ALL AGES,," 258,300 "," 182,736 "," 258,177 "," 183,779 "," 268,764 "," 192,817 "," 279,513 "," 201,307 "," 282,381 "," 205,884 "," 288,730 "," 209,756 "," 296,614 "," 218,131 "," 304,516 "," 226,764 "," 316,544 "," 235,172 "," 321,624 "," 238,981 "
,Cholera, 45 , 37 , 7 , 7 , 9 , 7 , 9 , 4 , 3 , 5 , 4 , 4 , 22 , 14 , 4 , 1 , 5 , 2 , 4 , 5 
,Diarrhoea and gastroenteritis of presumed infectious origin," 2,483 "," 1,907 "," 2,210 "," 1,779 "," 2,464 "," 1,842 "," 2,542 "," 2,030 "," 2,096 "," 1,612 "," 2,436 "," 1,763 "," 2,212 "," 1,758 "," 1,847 "," 1,426 "," 1,848 "," 1,465 "," 2,045 "," 1,630 "
,Other intestinal infectious diseases, 660 , 482 , 527 , 381 , 654 , 419 , 555 , 400 , 505 , 396 , 424 , 322 , 548 , 432 , 389 , 285 , 438 , 360 , 352 , 243 
,Respiratory tuberculosis," 17,163 "," 7,482 "," 15,778 "," 7,170 "," 16,316 "," 7,133 "," 16,940 "," 7,449 "," 16,490 "," 7,164 "," 16,178 "," 7,143 "," 15,092 "," 6,395 "," 15,485 "," 6,528 "," 16,383 "," 6,774 "," 17,385 "," 7,259 "
,Other tuberculosis, 695 , 515 , 601 , 445 , 644 , 475 , 607 , 473 , 609 , 446 , 634 , 409 , 714 , 486 , 708 , 495 , 710 , 468 , 862 , 541 
,Plague, -   , 1 , -   , -   , -   , -   , -   , -   , -   , 1 , 1 , -   , 30 , 32 , 1 , 7 , 1 , 5 , -   , 3 
,Tetanus, 547 , 150 , 504 , 163 , 520 , 141 , 444 , 131 , 439 , 151 , 449 , 149 , 451 , 121 , 436 , 119 , 426 , 113 , 452 , 113 
,Diphtheria, 11 , 4 , 5 , 2 , 4 , 10 , 9 , 9 , 10 , 13 , 6 , 12 , 12 , 11 , 13 , 16 , 13 , 11 , 9 , 14 
,Whooping cough, -   , 2 , 1 , -   , 3 , 1 , 2 , 2 , 3 , -   , 1 , 1 , -   , -   , 8 , 9 , 1 , 2 , 4 , 1 
,Meningococcal infection, 37 , 27 , 28 , 22 , 20 , 23 , 22 , 32 , 32 , 33 , 31 , 23 , 60 , 42 , 57 , 31 , 47 , 47 , 40 , 42 
,Septicaemia," 2,886 "," 2,575 "," 3,609 "," 3,215 "," 3,899 "," 3,599 "," 4,633 "," 4,487 "," 4,660 "," 4,765 "," 5,027 "," 4,757 "," 4,644 "," 4,435 "," 3,208 "," 2,935 "," 3,551 "," 3,239 "," 3,598 "," 3,402 "
,Infections with a predominantly sexual mode of transmission, 6 , 5 , 4 , 7 , 8 , 1 , 8 , 4 , 7 , 4 , 4 , 4 , 75 , 59 , 8 , 9 , 79 , 74 , 16 , 4 
,Acute poliomyelitis, 10 , 5 , 7 , 9 , 20 , 8 , 13 , 13 , 13 , 9 , 5 , 2 , 5 , 8 , 6 , 4 , 12 , 8 , 17 , 7 
,Rabies, 256 , 100 , 274 , 106 , 236 , 96 , 200 , 106 , 208 , 91 , 164 , 65 , 182 , 61 , 165 , 69 , 207 , 61 , 176 , 82 
,Yellow fever, -   , -   , -   , -   , -   , -   , -   , -   , -   , -   , -   , -   , -   , -   , -   , -   , -   , -   , -   , -   
,Other arthropod-borne viral fevers and viral haemorrhagic fevers, 497 , 527 , 633 , 658 , 537 , 545 , 599 , 640 , 777 , 857 , 502 , 569 , 604 , 654 , 525 , 539 , 416 , 480 , 641 , 704 
,Measles, 24 , 19 , 22 , 12 , 15 , 8 , 8 , 17 , 27 , 24 , 27 , 11 , 12 , 9 , 62 , 45 , 288 , 211 , 6 , 7 
,Viral hepatitis, 538 , 250 , 554 , 240 , 507 , 220 , 476 , 233 , 505 , 230 , 527 , 203 , 539 , 229 , 568 , 190 , 550 , 236 , 594 , 244 
,Human immunodeficiency virus [HIV] disease, 22 , 7 , 10 , 5 , 17 , 11 , 26 , 6 , 28 , 6 , 73 , 7 , 116 , 11 , 161 , 11 , 191 , 12 , 248 , 20 
,Malaria, 110 , 52 , 103 , 52 , 72 , 31 , 47 , 16 , 33 , 21 , 16 , 12 , 33 , 11 , 20 , 5 , 12 , 10 , 12 , 7 
,Leishmaniasis, -   , -   , -   , -   , -   , -   , -   , -   , -   , -   , -   , -   , -   , -   , -   , -   , -   , -   , -   , -   
,Trypanosomiasis, 1 , -   , 1 , -   , 3 , 1 , 1 , -   , 2 , 2 , -   , -   , 3 , 3 , 1 , 2 , 2 , -   , -   , 1 
,Schistosomiasis [bilharziasis], 178 , 75 , 156 , 84 , 185 , 84 , 157 , 71 , 137 , 66 , 169 , 86 , 162 , 75 , 185 , 79 , 184 , 76 , 199 , 96 
,Remainder of certain infectious and parasitic diseases, 778 , 343 , 670 , 294 , 704 , 299 ," 1,008 ", 309 , 583 , 234 , 804 , 271 ," 1,399 ", 626 , 999 , 374 , 912 , 491 , 938 , 452 
,Malignant Neoplasms," 22,472 "," 20,571 "," 23,020 "," 21,379 "," 23,926 "," 22,336 "," 24,567 "," 23,165 "," 25,388 "," 24,432 "," 25,583 "," 25,180 "," 25,445 "," 25,062 "," 26,602 "," 26,999 "," 27,581 "," 28,007 "," 28,984 "," 29,731 "
,Remainder of Neoplasms," 1,164 "," 1,094 "," 1,421 "," 1,229 "," 1,415 "," 1,370 "," 1,403 "," 1,260 "," 1,433 "," 1,244 "," 1,455 "," 1,231 "," 1,739 "," 1,618 "," 1,862 "," 1,830 "," 1,905 "," 1,751 "," 2,272 "," 2,016 "
,Anaemias," 1,199 "," 1,251 "," 1,178 "," 1,266 "," 1,120 "," 1,212 "," 1,047 "," 1,169 "," 1,164 "," 1,283 "," 1,221 "," 1,254 "," 1,360 "," 1,475 "," 1,262 "," 1,364 "," 1,502 "," 1,634 "," 1,240 "," 1,376 "
,"Remainder of diseases of the blood and blood-forming organs and certain disorders 
   involving the immune mechanism", 427 , 425 , 378 , 416 , 364 , 414 , 367 , 392 , 359 , 399 , 360 , 358 , 458 , 459 , 507 , 502 , 503 , 536 , 533 , 560 
,Diabetes Mellitus," 9,818 "," 10,421 "," 10,253 "," 10,762 "," 11,034 "," 11,744 "," 10,962 "," 11,383 "," 10,482 "," 11,030 "," 10,719 "," 11,173 "," 11,169 "," 11,741 "," 13,215 "," 13,849 "," 15,655 "," 15,884 "," 16,953 "," 17,097 "
,Malnutrition," 1,078 "," 1,198 ", 850 ," 1,157 ", 946 ," 1,202 ", 933 ," 1,193 ", 878 ," 1,174 ", 845 , 961 ," 1,024 "," 1,296 ", 975 ," 1,228 "," 1,064 "," 1,406 "," 1,180 "," 1,623 "
,"Remainder endocrine, nutritional and metabolic diseases"," 1,392 "," 2,297 "," 1,550 "," 2,465 "," 1,760 "," 2,575 "," 1,882 "," 2,654 "," 1,888 "," 2,764 "," 2,087 "," 3,024 "," 2,131 "," 2,973 "," 2,470 "," 3,400 "," 2,755 "," 3,706 "," 2,387 "," 3,488 "
,Mental and behavioural disorders due to psychoactive substance use, 545 , 26 , 455 , 21 , 399 , 30 , 342 , 20 , 357 , 24 , 218 , 27 , 311 , 25 , 289 , 18 , 353 , 27 , 219 , 23 
,Remainder of mental and behavioural disorders, 196 , 210 , 151 , 172 , 180 , 153 , 156 , 148 , 126 , 155 , 159 , 212 , 212 , 184 , 211 , 220 , 202 , 230 , 135 , 126 
,Meningitis, 899 , 676 , 865 , 643 , 921 , 670 , 908 , 730 , 868 , 689 , 814 , 606 , 792 , 620 , 832 , 644 , 894 , 683 , 947 , 660 
,Alzheimer's disease, 104 , 188 , 115 , 193 , 134 , 218 , 133 , 198 , 129 , 242 , 113 , 209 , 139 , 224 , 122 , 266 , 120 , 225 , 132 , 273 
,Remainder of diseases of the nervous system," 2,679 "," 1,867 "," 2,558 "," 1,841 "," 2,624 "," 1,833 "," 2,661 "," 1,858 "," 2,702 "," 1,874 "," 2,487 "," 1,831 "," 2,965 "," 2,260 "," 2,991 "," 2,342 "," 3,333 "," 2,459 "," 3,174 "," 2,379 "
,Diseases of the eye and adnexa, 12 , 14 , 12 , 19 , 13 , 13 , 15 , 13 , 7 , 8 , 10 , 11 , 47 , 33 , 16 , 15 , 7 , 3 , 13 , 6 
,Diseases of the ear and mastoid process, 53 , 29 , 45 , 19 , 40 , 30 , 31 , 31 , 27 , 20 , 31 , 28 , 26 , 29 , 21 , 14 , 18 , 18 , 24 , 14 
,Acute rheumatic fever and chronic rheumatic heart diseases, 956 ," 1,253 ", 905 ," 1,223 ", 910 ," 1,246 ", 926 ," 1,197 ", 796 ," 1,145 ", 790 ," 1,103 ", 810 ," 1,097 ", 709 ," 1,075 ", 790 ," 1,079 ", 849 ," 1,224 "
,Hypertensive diseases," 9,785 "," 7,861 "," 9,212 "," 7,590 "," 10,016 "," 8,154 "," 9,389 "," 8,241 "," 8,997 "," 7,844 "," 8,995 "," 7,728 "," 12,775 "," 10,835 "," 15,786 "," 13,281 "," 19,191 "," 15,711 "," 18,922 "," 15,584 "
,Ischaemic heart diseases," 29,350 "," 19,772 "," 30,527 "," 20,395 "," 31,537 "," 21,482 "," 35,356 "," 24,113 "," 36,648 "," 25,038 "," 38,743 "," 25,986 "," 37,058 "," 25,367 "," 38,768 "," 26,610 "," 39,176 "," 26,375 "," 41,284 "," 27,288 "
,Other heart diseases," 10,343 "," 9,527 "," 12,576 "," 11,517 "," 13,027 "," 11,972 "," 14,066 "," 13,461 "," 14,492 "," 13,999 "," 15,582 "," 14,766 "," 18,545 "," 16,509 "," 17,129 "," 15,898 "," 17,528 "," 16,613 "," 16,442 "," 15,287 "
,Cerebrovascular diseases," 26,234 "," 20,414 "," 27,557 "," 21,412 "," 28,911 "," 22,364 "," 31,768 "," 24,902 "," 33,338 "," 26,213 "," 33,886 "," 26,672 "," 30,713 "," 24,335 "," 30,447 "," 24,131 "," 29,732 "," 23,162 "," 32,393 "," 25,917 "
,Atherosclerosis, 792 ," 1,151 ", 767 ," 1,124 ", 889 ," 1,217 ", 789 ," 1,067 ", 745 ," 1,073 ", 756 ," 1,041 ", 664 , 933 , 510 , 723 , 579 , 832 , 444 , 667 
,Remainder of diseases of the circulatory system, 668 , 437 , 692 , 457 , 751 , 484 , 663 , 453 , 724 , 436 , 761 , 504 , 747 , 516 ," 1,181 ", 815 ," 1,308 "," 1,001 "," 1,069 ", 707 
,Influenza, 92 , 71 , 61 , 67 , 60 , 68 , 34 , 60 , 39 , 47 , 20 , 18 , 33 , 44 , 29 , 36 , 30 , 21 , 28 , 21 
,Pneumonia," 17,166 "," 17,792 "," 17,455 "," 18,054 "," 19,463 "," 20,244 "," 21,250 "," 21,392 "," 22,647 "," 22,944 "," 24,280 "," 24,152 "," 25,370 "," 24,774 "," 26,843 "," 26,258 "," 27,118 "," 26,571 "," 24,603 "," 24,992 "
,Other acute lower respiratory infections, 87 , 64 , 73 , 55 , 78 , 54 , 60 , 51 , 62 , 46 , 58 , 35 , 75 , 62 , 64 , 31 , 54 , 37 , 54 , 32 
,Chronic lower respiratory diseases," 14,715 "," 6,501 "," 14,588 "," 6,561 "," 15,181 "," 6,678 "," 15,758 "," 6,997 "," 15,805 "," 7,072 "," 16,042 "," 7,216 "," 16,653 "," 7,622 "," 16,746 "," 7,121 "," 17,237 "," 7,449 "," 16,478 "," 7,282 "
,Remainder of diseases of the respiratory system," 1,788 "," 1,464 "," 1,958 "," 1,512 "," 2,172 "," 1,781 "," 2,276 "," 1,871 "," 2,469 "," 1,970 "," 2,606 "," 2,144 "," 3,386 "," 2,590 "," 3,001 "," 2,349 "," 3,299 "," 2,760 "," 2,949 "," 2,420 "
,Gastric and duodenal ulcer," 4,413 "," 2,043 "," 4,362 "," 2,016 "," 4,428 "," 2,015 "," 4,376 "," 1,986 "," 3,842 "," 1,899 "," 3,964 "," 1,854 "," 3,651 "," 1,790 "," 3,683 "," 1,803 "," 3,725 "," 1,943 "," 3,800 "," 1,898 "
,Diseases of the liver," 6,090 "," 1,945 "," 5,938 "," 1,753 "," 6,218 "," 1,935 "," 6,421 "," 2,089 "," 6,467 "," 2,009 "," 6,216 "," 2,070 "," 6,053 "," 2,123 "," 6,498 "," 2,162 "," 6,494 "," 2,216 "," 6,584 "," 2,456 "
,Remainder of diseases of the digestive system," 4,882 "," 1,829 "," 5,103 "," 1,881 "," 4,900 "," 1,920 "," 4,723 "," 1,817 "," 4,557 "," 1,821 "," 4,755 "," 1,938 "," 4,806 "," 2,210 "," 4,840 "," 2,291 "," 5,073 "," 2,426 "," 5,141 "," 2,577 "
,Diseases of the skin and subcutaneous tissue, 688 , 802 , 711 , 926 , 781 , 853 , 671 , 904 , 628 , 832 , 595 , 795 , 668 , 863 , 770 ," 1,017 ", 959 ," 1,288 ", 953 ," 1,374 "
,Diseases of the musculoskeletal system and connective tissue, 860 ," 1,170 ", 713 ," 1,006 ", 657 ," 1,028 ", 616 , 980 , 573 , 911 , 534 , 823 , 656 , 933 , 657 , 927 , 804 ," 1,064 ", 883 ," 1,327 "
,Glomerular and renal tubulo-interstitial diseases," 1,809 "," 1,345 "," 1,729 "," 1,334 "," 1,705 "," 1,339 "," 1,841 "," 1,343 "," 1,853 "," 1,291 "," 1,775 "," 1,266 "," 1,875 "," 1,399 "," 2,019 "," 1,382 "," 2,219 "," 1,618 "," 2,341 "," 1,629 "
,Remainder of diseases of the genitourinary system," 7,464 "," 5,144 "," 7,793 "," 5,325 "," 8,021 "," 5,483 "," 8,755 "," 5,908 "," 8,899 "," 6,195 "," 9,172 "," 6,122 "," 8,650 "," 6,081 "," 9,705 "," 7,080 "," 10,204 "," 7,016 "," 10,814 "," 7,247 "
,Pregnancy with abortive outcome, -   , 163 , -   , 149 , -   , 166 , -   , 142 , -   , 156 , -   , 121 , -   , 141 , -   , 156 , -   , 176 , -   , 174 
,Other direct obstetric deaths, -   ," 1,397 ", -   ," 1,418 ", -   ," 1,449 ", -   ," 1,362 ", -   ," 1,463 ", 1 ," 1,253 ", -   ," 1,234 ", -   ," 1,298 ", -   ," 1,394 ", 1 ," 1,430 "
,Indirect obstetric deaths, -   , 152 , -   , 100 , -   , 112 , -   , 93 , -   , 95 , -   , 91 , -   , 67 , -   , 62 , -   , 65 , -   , 109 
,"Remainder of pregnancy, childbirth and the puerperium", -   , 9 , -   , 5 , -   , 4 , -   , 2 , -   , 5 , -   , 3 , -   , 5 , -   , 6 , -   , 3 , -   , 7 
,"Fetus and newborn affected by maternal factors and by complications of pregnancy, 
   labour and delivery", 25 , 29 , 58 , 42 , 42 , 37 , 31 , 25 , 32 , 16 , 49 , 34 , 34 , 20 , 2 , -   , 10 , 3 , 18 , 27 
,Disorders relating to length of gestation and fetal growth, 964 , 683 ," 1,131 ", 744 , 925 , 680 , 990 , 673 , 915 , 607 , 812 , 659 , 869 , 584 , 854 , 634 , 972 , 682 , 746 , 546 
,Birth Trauma, 59 , 28 , 48 , 31 , 60 , 41 , 62 , 41 , 69 , 60 , 75 , 35 , 65 , 36 , 35 , 31 , 51 , 36 , 69 , 38 
,Intrauterine hypoxia and birth asphyxia, 607 , 398 , 593 , 415 , 509 , 383 , 530 , 353 , 545 , 405 , 534 , 372 , 500 , 371 , 476 , 362 , 419 , 321 , 479 , 323 
,Respiratory distress of newborn," 1,429 ", 971 ," 1,468 ", 967 ," 1,559 "," 1,018 "," 1,465 ", 973 ," 1,497 "," 1,029 "," 1,474 ", 940 ," 1,485 "," 1,012 "," 1,402 ", 945 ," 1,324 ", 890 ," 1,379 ", 897 
,Congenital pneumonia, 778 , 512 , 665 , 452 , 747 , 564 , 629 , 423 , 664 , 431 , 684 , 431 , 601 , 388 , 439 , 289 , 430 , 297 , 392 , 233 
,Other respiratory conditions of newborn, 714 , 536 , 730 , 454 , 711 , 458 , 639 , 473 , 671 , 481 , 681 , 485 , 654 , 438 , 650 , 459 , 663 , 456 , 745 , 483 
,Bacterial sepsis of newborn," 1,978 "," 1,216 "," 2,131 "," 1,375 "," 2,218 "," 1,387 "," 1,860 "," 1,222 "," 2,225 "," 1,384 "," 2,176 "," 1,493 "," 1,951 "," 1,205 "," 1,644 "," 1,087 "," 1,521 ", 989 ," 1,308 ", 849 
,Omphalitis of newborn with or without mild haemorrhage, 6 , 4 , 3 , 4 , 5 , 3 , 6 , 3 , 7 , 5 , -   , 1 , -   , 1 , -   , 6 , 5 , 2 , 2 , 3 
,Haemorrhagic and haematological disorders of fetus and newborn, 347 , 182 , 290 , 149 , 266 , 127 , 233 , 151 , 245 , 124 , 227 , 126 , 311 , 193 , 291 , 192 , 266 , 184 , 424 , 262 
,Remainder of perinatal conditions, 518 , 350 , 430 , 321 , 495 , 330 , 444 , 288 , 372 , 302 , 395 , 289 , 348 , 308 , 358 , 280 , 346 , 233 , 347 , 259 
,"Congenital malformations, deformations and chromosomal abnormalities"," 2,733 "," 2,275 "," 2,596 "," 2,223 "," 2,845 "," 2,415 "," 2,759 "," 2,440 "," 2,853 "," 2,336 "," 2,688 "," 2,117 "," 2,493 "," 2,272 "," 2,401 "," 2,070 "," 2,402 "," 2,016 "," 2,725 "," 2,413 "
,"Symptoms, signs and abnormal clinical and laboratory findings, not elsewhere 
   classified"," 11,815 "," 11,408 "," 8,718 "," 8,496 "," 8,048 "," 7,962 "," 7,122 "," 6,460 "," 6,076 "," 6,055 "," 6,541 "," 6,091 "," 9,756 "," 9,040 "," 9,125 "," 9,165 "," 10,506 "," 10,692 "," 9,383 "," 9,276 "
,Land Transport accidents," 5,341 "," 1,465 "," 5,672 "," 1,603 "," 5,470 "," 1,480 "," 6,042 "," 1,606 "," 6,724 "," 1,681 "," 6,482 "," 1,522 "," 6,665 "," 1,607 "," 7,068 "," 1,657 "," 7,220 "," 1,775 "," 8,114 "," 1,898 "
,Water Transport accidents, 27 , 18 , 16 , 3 , 196 , 177 , 16 , 22 , 7 , -   , 10 , 2 , 21 , 4 , 11 , 9 , 10 , 7 , 9 , 2 
,Air and space transport accidents, 2 , -   , 4 , -   , 3 , 3 , 12 , 3 , 4 , 2 , 3 , 2 , 3 , 2 , 2 , -   , 1 , -   , 4 , -   
,Other and unspecified transport accidents, 10 , 3 , 6 , 1 , 4 , 2 , 2 , 1 , 3 , 2 , 1 , 1 , 18 , 12 , 9 , 5 , 8 , 4 , 6 , -   
,Falls," 1,168 ", 512 ," 1,212 ", 531 ," 1,282 ", 619 ," 1,302 ", 573 ," 1,389 ", 631 ," 1,352 ", 676 ," 1,336 ", 700 ," 1,502 ", 767 ," 1,497 ", 747 ," 1,551 ", 840 
,Accidental drowning and submersion," 2,396 ", 846 ," 2,170 ", 672 ," 2,586 ", 865 ," 2,596 ", 797 ," 2,268 ", 776 ," 2,678 ", 978 ," 2,497 ", 878 ," 2,428 ", 780 ," 2,362 ", 705 ," 2,394 ", 792 
,"Exposure to smoke, fire and flames", 241 , 183 , 237 , 163 , 204 , 149 , 269 , 163 , 278 , 200 , 213 , 133 , 228 , 130 , 215 , 130 , 211 , 166 , 282 , 219 
,Accidental poisoning by and exposure to noxious substances, 126 , 57 , 113 , 64 , 145 , 67 , 115 , 49 , 131 , 61 , 124 , 50 , 82 , 29 , 130 , 45 , 128 , 46 , 146 , 58 
,Intentional self-harm," 1,387 ", 407 ," 1,292 ", 407 ," 1,412 ", 410 ," 1,551 ", 525 ," 1,632 ", 491 ," 1,881 ", 570 ," 1,797 ", 475 ," 1,647 ", 408 ," 1,786 ", 398 ," 1,998 ", 483 
,Assault," 12,071 ", 985 ," 11,651 ", 951 ," 11,477 "," 1,046 "," 11,297 ", 952 ," 11,302 "," 1,016 "," 10,905 "," 1,081 "," 10,483 "," 1,051 "," 10,264 "," 1,049 "," 10,161 "," 1,020 "," 10,028 "," 1,068 "
,All other external causes," 6,391 "," 2,526 "," 5,664 "," 1,594 "," 6,136 "," 1,789 "," 6,086 "," 2,011 "," 5,916 "," 1,815 "," 5,598 "," 2,022 "," 6,210 "," 2,147 "," 7,942 "," 4,003 "," 6,556 "," 1,969 "," 7,251 "," 2,113 "
,Other diseases not included in the general lists of mortality tabulation, -   , 4 , 4 , 4 , 1 , 3 , 4 , 3 , -   , 2 , 32 , 27 , 286 , 227 , 5 , 9 , 1 , -   , 1 , 1 
UNDER 1,," 12,786 "," 8,978 "," 12,809 "," 8,912 "," 13,099 "," 9,252 "," 12,503 "," 9,156 "," 13,163 "," 9,313 "," 13,092 "," 9,191 "," 12,987 "," 9,267 "," 12,699 "," 9,293 "," 12,495 "," 9,077 "," 12,086 "," 8,664 "
,Cholera, -   , 1 , -   , -   , -   , -   , -   , 1 , -   , -   , -   , 1 , 1 , 1 , -   , -   , 1 , -   , -   , -   
,Diarrhoea and gastroenteritis of presumed infectious origin, 579 , 405 , 559 , 349 , 558 , 379 , 537 , 434 , 532 , 368 , 549 , 362 , 499 , 344 , 528 , 373 , 466 , 343 , 481 , 343 
,Other intestinal infectious diseases, 23 , 15 , 21 , 17 , 24 , 17 , 22 , 16 , 12 , 15 , 8 , 8 , 22 , 17 , 15 , 16 , 21 , 23 , 13 , 19 
,Respiratory tuberculosis, 7 , 10 , 8 , 5 , 12 , 5 , 4 , 6 , 12 , 8 , 5 , 5 , 6 , 5 , 10 , 7 , 15 , 12 , 8 , 12 
,Other tuberculosis, 19 , 9 , 8 , 8 , 12 , 11 , 9 , 4 , 9 , 7 , 9 , 6 , 11 , 9 , 14 , 7 , 14 , 6 , 5 , 7 
,Plague, -   , -   , -   , -   , -   , -   , -   , -   , -   , -   , -   , -   , 4 , 3 , -   , -   , 1 , 1 , -   , 1 
,Tetanus, 39 , 32 , 33 , 26 , 41 , 14 , 28 , 24 , 30 , 27 , 21 , 23 , 18 , 14 , 15 , 8 , 10 , 11 , 9 , 13 
,Diphtheria, -   , -   , -   , 1 , -   , 2 , -   , -   , -   , -   , -   , -   , -   , -   , -   , 1 , 1 , 1 , 2 , -   
,Whooping cough, -   , 2 , 1 , -   , 2 , 1 , 1 , 1 , 2 , -   , 1 , -   , -   , -   , 8 , 9 , 1 , 2 , 3 , 1 
,Meningococcal infection, 2 , 2 , 1 , 3 , -   , 5 , 6 , 7 , 8 , 13 , 7 , 7 , 12 , 6 , 12 , 9 , 7 , 8 , 6 , 9 
,Septicaemia, 223 , 156 , 310 , 199 , 312 , 216 , 380 , 276 , 406 , 344 , 441 , 315 , 426 , 301 , 394 , 269 , 477 , 333 , 428 , 321 
,Infections with a predominantly sexual mode of transmission, 1 , -   , 1 , -   , -   , -   , -   , -   , -   , -   , -   , -   , 3 , 2 , -   , -   , 1 , 2 , 2 , 1 
,Acute poliomyelitis, -   , -   , -   , -   , 1 , -   , -   , -   , -   , -   , -   , -   , -   , -   , -   , -   , -   , -   , -   , -   
,Rabies, 1 , -   , -   , -   , 1 , -   , -   , -   , -   , -   , -   , -   , 1 , -   , -   , -   , -   , -   , -   , -   
,Yellow fever, -   , -   , -   , -   , -   , -   , -   , -   , -   , -   , -   , -   , -   , -   , -   , -   , -   , -   , -   , -   
,Other arthropod-borne viral fevers and viral haemorrhagic fevers, 20 , 32 , 35 , 32 , 21 , 24 , 21 , 24 , 45 , 38 , 18 , 13 , 27 , 29 , 35 , 23 , 18 , 14 , 21 , 27 
,Measles, 8 , 7 , 5 , 5 , 6 , 1 , 1 , 5 , 9 , 9 , 14 , 3 , 5 , 3 , 34 , 21 , 138 , 100 , 2 , 4 
,Viral hepatitis, 3 , 2 , 11 , 4 , 3 , 2 , 5 , 3 , -   , 4 , 6 , 3 , 3 , 3 , 5 , 1 , 7 , 1 , 2 , -   
,Human immunodeficiency virus [HIV] disease, -   , 1 , -   , -   , 1 , -   , -   , -   , -   , -   , -   , -   , 1 , -   , 1 , 1 , 1 , 1 , 1 , 1 
,Malaria, -   , 2 , -   , -   , 2 , -   , -   , -   , -   , 2 , -   , -   , -   , -   , -   , -   , -   , 1 , -   , -   
,Leishmaniasis, -   , -   , -   , -   , -   , -   , -   , -   , -   , -   , -   , -   , -   , -   , -   , -   , -   , -   , -   , -   
,Trypanosomiasis, -   , -   , -   , -   , -   , -   , -   , -   , -   , -   , -   , -   , -   , -   , -   , -   , 1 , -   , -   , -   
,Schistosomiasis [bilharziasis], -   , -   , -   , -   , 1 , -   , -   , -   , -   , -   , -   , -   , -   , -   , -   , -   , -   , -   , -   , -   
,Remainder of certain infectious and parasitic diseases, 28 , 15 , 30 , 24 , 20 , 18 , 35 , 14 , 16 , 13 , 15 , 18 , 48 , 35 , 42 , 30 , 44 , 40 , 36 , 29 
,Malignant Neoplasms, 33 , 31 , 32 , 22 , 19 , 28 , 10 , 10 , 30 , 31 , 36 , 35 , 23 , 19 , -   , -   , -   , -   , 9 , 8 
,Remainder of Neoplasms, 16 , 9 , 12 , 7 , 6 , 11 , 7 , 9 , 16 , 9 , 8 , 4 , 12 , 5 , 11 , 11 , 6 , 10 , 11 , 11 
,Anaemias, 30 , 24 , 25 , 18 , 25 , 22 , 19 , 18 , 20 , 20 , 27 , 30 , 40 , 35 , 37 , 34 , 48 , 34 , 42 , 22 
,"Remainder of diseases of the blood and blood-forming organs and certain disorders 
   involving the immune mechanism", 99 , 57 , 77 , 59 , 54 , 58 , 59 , 38 , 58 , 39 , 53 , 32 , 82 , 52 , 103 , 74 , 77 , 62 , 90 , 72 
,Diabetes Mellitus, -   , -   , -   , 2 , 2 , 1 , 3 , 3 , 1 , 2 , 1 , -   , 2 , 5 , 2 , 2 , 3 , 2 , 3 , 3 
,Malnutrition, 101 , 84 , 63 , 57 , 67 , 47 , 63 , 65 , 55 , 35 , 59 , 33 , 63 , 48 , 62 , 49 , 71 , 59 , 45 , 56 
,"Remainder endocrine, nutritional and metabolic diseases", 75 , 53 , 84 , 49 , 82 , 50 , 94 , 86 , 83 , 68 , 88 , 64 , 109 , 63 , 153 , 113 , 155 , 122 , 137 , 82 
,Mental and behavioural disorders due to psychoactive substance use, -   , -   , -   , -   , -   , -   , -   , -   , -   , -   , -   , -   , -   , -   , -   , -   , -   , 1 , -   , -   
,Remainder of mental and behavioural disorders, -   , -   , -   , -   , 1 , -   , -   , -   , -   , -   , 1 , -   , 6 , -   , -   , -   , -   , -   , -   , -   
,Meningitis, 202 , 178 , 190 , 144 , 212 , 141 , 210 , 167 , 191 , 153 , 193 , 141 , 181 , 126 , 178 , 136 , 181 , 149 , 185 , 144 
,Alzheimer's disease, -   , -   , -   , -   , -   , -   , -   , -   , -   , -   , 1 , -   , -   , -   , -   , -   , -   , -   , -   , -   
,Remainder of diseases of the nervous system, 149 , 97 , 140 , 117 , 152 , 121 , 162 , 116 , 169 , 111 , 158 , 133 , 216 , 147 , 193 , 140 , 235 , 186 , 224 , 157 
,Diseases of the eye and adnexa, 1 , -   , -   , -   , 2 , -   , 3 , 1 , -   , 2 , -   , -   , 4 , 3 , 3 , 1 , -   , -   , 1 , 1 
,Diseases of the ear and mastoid process, 2 , 2 , 1 , 1 , 2 , 4 , 1 , 1 , -   , 1 , 1 , -   , 3 , 2 , -   , -   , 1 , 1 , 2 , 1 
,Acute rheumatic fever and chronic rheumatic heart diseases, 3 , 3 , 4 , 3 , 4 , 2 , 4 , 5 , 2 , 2 , 5 , 3 , 11 , 1 , 3 , 1 , -   , 2 , 4 , 1 
,Hypertensive diseases, 3 , 2 , -   , -   , -   , -   , 4 , 1 , 3 , 5 , 2 , 2 , 10 , 7 , 2 , 2 , 5 , 3 , 5 , 3 
,Ischaemic heart diseases, 8 , 4 , 3 , 6 , 7 , 9 , 9 , 6 , 12 , 3 , 7 , 7 , 13 , 10 , 17 , 14 , 12 , 8 , 16 , 10 
,Other heart diseases, 35 , 30 , 81 , 55 , 60 , 50 , 77 , 58 , 84 , 57 , 84 , 64 , 159 , 144 , 152 , 128 , 140 , 129 , 127 , 102 
,Cerebrovascular diseases, 10 , 5 , 16 , 10 , 14 , 12 , 18 , 16 , 14 , 19 , 19 , 16 , 22 , 12 , 12 , 15 , 18 , 20 , 21 , 20 
,Atherosclerosis, -   , -   , -   , -   , -   , -   , -   , -   , -   , -   , -   , -   , -   , -   , 1 , -   , -   , -   , -   , -   
,Remainder of diseases of the circulatory system, -   , 1 , -   , -   , 1 , -   , 2 , 1 , 1 , -   , 1 , 1 , -   , -   , 3 , -   , 3 , 3 , 5 , 4 
,Influenza, 4 , 1 , 1 , -   , -   , 3 , 1 , -   , 3 , 1 , -   , 1 , 1 , 1 , -   , -   , -   , -   , -   , -   
,Pneumonia," 1,071 ", 876 ," 1,176 ", 899 ," 1,338 "," 1,010 "," 1,359 "," 1,093 "," 1,505 "," 1,123 "," 1,611 "," 1,181 "," 1,521 "," 1,217 "," 1,770 "," 1,376 "," 1,625 "," 1,255 "," 1,401 ", 969 
,Other acute lower respiratory infections, 16 , 14 , 17 , 17 , 14 , 8 , 3 , 6 , 13 , 4 , 6 , 2 , 12 , 3 , 10 , -   , 5 , 4 , 2 , 4 
,Chronic lower respiratory diseases, 54 , 61 , 49 , 50 , 70 , 58 , 69 , 59 , 78 , 58 , 82 , 51 , 76 , 33 , 106 , 60 , 81 , 53 , 58 , 56 
,Remainder of diseases of the respiratory system, 103 , 80 , 124 , 104 , 166 , 133 , 213 , 174 , 224 , 173 , 287 , 194 , 333 , 221 , 352 , 269 , 384 , 261 , 304 , 251 
,Gastric and duodenal ulcer, -   , -   , 1 , 1 , -   , -   , 1 , -   , -   , 2 , 2 , -   , -   , -   , 2 , 2 , 2 , 1 , -   , 1 
,Diseases of the liver, 17 , 11 , 19 , 6 , 13 , 10 , 19 , 13 , 26 , 12 , 19 , 16 , 19 , 17 , 19 , 13 , 22 , 13 , 30 , 17 
,Remainder of diseases of the digestive system, 73 , 34 , 66 , 46 , 60 , 32 , 68 , 32 , 75 , 50 , 67 , 33 , 88 , 55 , 110 , 54 , 115 , 62 , 111 , 62 
,Diseases of the skin and subcutaneous tissue, 15 , 13 , 21 , 11 , 18 , 16 , 15 , 10 , 13 , 13 , 6 , 8 , 16 , 12 , 10 , 13 , 24 , 19 , 16 , 9 
,Diseases of the musculoskeletal system and connective tissue, 3 , 1 , 1 , 2 , -   , -   , 2 , 1 , 2 , 2 , -   , -   , 2 , 3 , 3 , 3 , 5 , -   , 2 , -   
,Glomerular and renal tubulo-interstitial diseases, 8 , 7 , 4 , 4 , 2 , 6 , 3 , 6 , 4 , 5 , 2 , 3 , 3 , 5 , 3 , 1 , 3 , 6 , 7 , 5 
,Remainder of diseases of the genitourinary system, 17 , 13 , 16 , 11 , 16 , 22 , 29 , 10 , 25 , 20 , 26 , 19 , 29 , 10 , 13 , 12 , 19 , 11 , 25 , 10 
,Pregnancy with abortive outcome, -   , -   , -   , -   , -   , -   , -   , -   , -   , -   , -   , -   , -   , -   , -   , -   , -   , -   , -   , -   
,Other direct obstetric deaths, -   , -   , -   , -   , -   , -   , -   , -   , -   , -   , -   , -   , -   , -   , -   , -   , -   , -   , -   , -   
,Indirect obstetric deaths, -   , -   , -   , -   , -   , -   , -   , -   , -   , -   , -   , -   , -   , -   , -   , -   , -   , -   , -   , -   
,"Remainder of pregnancy, childbirth and the puerperium", -   , -   , -   , -   , -   , -   , -   , -   , -   , -   , -   , -   , -   , -   , -   , -   , -   , -   , -   , -   
,"Fetus and newborn affected by maternal factors and by complications of pregnancy, 
   labour and delivery", 25 , 29 , 58 , 42 , 42 , 37 , 31 , 25 , 32 , 16 , 49 , 34 , 34 , 20 , 2 , -   , 10 , 3 , 18 , 27 
,Disorders relating to length of gestation and fetal growth, 964 , 683 ," 1,131 ", 744 , 925 , 680 , 990 , 673 , 915 , 607 , 811 , 659 , 869 , 584 , 854 , 634 , 972 , 682 , 746 , 546 
,Birth Trauma, 59 , 28 , 48 , 31 , 60 , 41 , 62 , 41 , 69 , 60 , 75 , 35 , 65 , 36 , 35 , 31 , 51 , 36 , 69 , 38 
,Intrauterine hypoxia and birth asphyxia, 607 , 398 , 593 , 415 , 509 , 383 , 530 , 353 , 545 , 405 , 534 , 372 , 500 , 371 , 476 , 362 , 419 , 321 , 479 , 323 
,Respiratory distress of newborn," 1,429 ", 971 ," 1,468 ", 967 ," 1,559 "," 1,018 "," 1,465 ", 973 ," 1,497 "," 1,029 "," 1,474 ", 940 ," 1,485 "," 1,012 "," 1,402 ", 945 ," 1,324 ", 890 ," 1,379 ", 897 
,Congenital pneumonia, 778 , 512 , 665 , 452 , 747 , 564 , 629 , 423 , 664 , 431 , 684 , 431 , 601 , 388 , 439 , 289 , 430 , 297 , 392 , 233 
,Other respiratory conditions of newborn, 714 , 536 , 730 , 454 , 711 , 458 , 639 , 473 , 671 , 481 , 681 , 485 , 654 , 438 , 650 , 459 , 663 , 456 , 745 , 483 
,Bacterial sepsis of newborn," 1,978 "," 1,216 "," 2,131 "," 1,375 "," 2,218 "," 1,387 "," 1,860 "," 1,222 "," 2,225 "," 1,384 "," 2,176 "," 1,493 "," 1,951 "," 1,205 "," 1,644 "," 1,087 "," 1,521 ", 989 ," 1,308 ", 849 
,Omphalitis of newborn with or without mild haemorrhage, 6 , 4 , 3 , 4 , 5 , 3 , 6 , 3 , 7 , 5 , -   , 1 , -   , 1 , -   , 6 , 5 , 2 , 2 , 3 
,Haemorrhagic and haematological disorders of fetus and newborn, 347 , 182 , 290 , 149 , 266 , 127 , 233 , 151 , 245 , 124 , 227 , 126 , 311 , 193 , 291 , 192 , 266 , 184 , 424 , 262 
,Remainder of perinatal conditions, 518 , 350 , 430 , 321 , 495 , 330 , 444 , 288 , 372 , 302 , 395 , 289 , 348 , 308 , 358 , 280 , 346 , 233 , 347 , 258 
,"Congenital malformations, deformations and chromosomal abnormalities"," 1,678 "," 1,293 "," 1,562 "," 1,295 "," 1,685 "," 1,364 "," 1,605 "," 1,387 "," 1,732 "," 1,313 "," 1,619 "," 1,196 "," 1,439 "," 1,237 "," 1,507 "," 1,249 "," 1,483 "," 1,216 "," 1,676 "," 1,427 "
,"Symptoms, signs and abnormal clinical and laboratory findings, not elsewhere 
   classified", 475 , 313 , 355 , 242 , 340 , 239 , 309 , 247 , 303 , 199 , 295 , 208 , 425 , 331 , 409 , 334 , 431 , 318 , 466 , 335 
,Land Transport accidents, 9 , 4 , 9 , 3 , 5 , 5 , 3 , 4 , 7 , 10 , 8 , 2 , 11 , 11 , 10 , 11 , 6 , 3 , 10 , 5 
,Water Transport accidents, -   , -   , -   , 1 , -   , 1 , -   , 1 , -   , -   , -   , -   , 1 , -   , -   , -   , -   , -   , -   , -   
,Air and space transport accidents, -   , -   , -   , -   , -   , -   , -   , -   , -   , -   , -   , -   , -   , -   , -   , -   , -   , -   , -   , -   
,Other and unspecified transport accidents, -   , -   , -   , -   , -   , -   , -   , -   , -   , -   , -   , -   , -   , 1 , -   , -   , -   , -   , -   , -   
,Falls, 11 , 7 , 9 , 5 , 10 , 12 , 24 , 6 , 19 , 8 , 5 , 3 , 15 , 15 , 18 , 10 , 2 , 13 , 12 , 3 
,Accidental drowning and submersion, 15 , 17 , 16 , 7 , 20 , 10 , 15 , 11 , 8 , 11 , 28 , 11 , 23 , 15 , 29 , 15 , 9 , 6 , 14 , 11 
,"Exposure to smoke, fire and flames", 5 , 3 , 10 , 6 , 9 , 5 , 8 , 8 , 8 , 8 , 6 , 3 , 4 , 7 , 4 , 4 , 7 , 8 , 10 , 11 
,Accidental poisoning by and exposure to noxious substances, 2 , 1 , -   , -   , 2 , 1 , -   , 1 , 1 , -   , 1 , -   , 1 , -   , -   , 1 , 3 , -   , 2 , 1 
,Intentional self-harm, 1 , 1 , -   , -   , 1 , -   , 1 , -   , 2 , 1 , 1 , -   , 2 , 2 , 2 , -   , 2 , -   , 1 , -   
,Assault, 2 , 3 , 1 , 1 , 8 , 2 , 9 , 1 , 1 , 7 , 3 , 4 , 4 , 6 , 4 , 2 , 4 , 1 , 4 , -   
,All other external causes, 62 , 45 , 54 , 24 , 58 , 36 , 64 , 45 , 52 , 44 , 74 , 62 , 101 , 58 , 122 , 83 , 77 , 44 , 80 , 83 
,Other diseases not included in the general lists of mortality tabulation, -   , -   , -   , -   , -   , -   , -   , -   , -   , -   , -   , -   , -   , -   , -   , 1 , -   , -   , -   , -   
AGE 1 -4,," 5,263 "," 4,386 "," 4,760 "," 3,900 "," 4,947 "," 4,105 "," 5,401 "," 4,436 "," 5,071 "," 4,135 "," 5,031 "," 4,329 "," 4,982 "," 4,255 "," 5,140 "," 4,386 "," 5,102 "," 4,251 "," 4,645 "," 3,937 "
,Cholera, 2 , -   , 1 , -   , -   , 3 , 2 , -   , -   , -   , 1 , -   , 4 , 1 , -   , -   , -   , -   , -   , -   
,Diarrhoea and gastroenteritis of presumed infectious origin, 592 , 446 , 503 , 392 , 531 , 419 , 625 , 467 , 482 , 334 , 536 , 409 , 469 , 400 , 387 , 285 , 387 , 305 , 431 , 349 
,Other intestinal infectious diseases, 33 , 29 , 35 , 22 , 46 , 31 , 30 , 26 , 32 , 21 , 28 , 17 , 32 , 31 , 24 , 15 , 20 , 28 , 25 , 17 
,Respiratory tuberculosis, 25 , 23 , 26 , 19 , 23 , 14 , 20 , 23 , 22 , 17 , 21 , 24 , 28 , 14 , 23 , 22 , 23 , 11 , 28 , 17 
,Other tuberculosis, 60 , 60 , 50 , 39 , 52 , 53 , 49 , 48 , 53 , 48 , 49 , 45 , 48 , 51 , 64 , 50 , 70 , 35 , 56 , 48 
,Plague, -   , -   , -   , -   , -   , -   , -   , -   , -   , 1 , -   , -   , 3 , -   , -   , -   , -   , -   , -   , -   
,Tetanus, 14 , 8 , 8 , 9 , 12 , 7 , 6 , 4 , 12 , 6 , 4 , 5 , 12 , 8 , 8 , 9 , 14 , 3 , 9 , 8 
,Diphtheria, 8 , 2 , 1 , -   , 2 , 3 , 2 , 4 , 5 , 5 , 4 , 5 , 1 , 4 , 4 , 4 , 5 , 4 , 4 , 4 
,Whooping cough, -   , -   , -   , -   , -   , -   , -   , -   , -   , -   , -   , -   , -   , -   , -   , -   , -   , -   , 1 , -   
,Meningococcal infection, 10 , 7 , 13 , 10 , 6 , 4 , 6 , 7 , 8 , 6 , 12 , 7 , 15 , 12 , 15 , 8 , 16 , 14 , 15 , 12 
,Septicaemia, 200 , 164 , 182 , 180 , 219 , 173 , 277 , 233 , 251 , 231 , 273 , 224 , 240 , 187 , 164 , 135 , 208 , 176 , 174 , 163 
,Infections with a predominantly sexual mode of transmission, 1 , -   , -   , -   , -   , -   , -   , 1 , -   , -   , -   , -   , 1 , -   , -   , -   , 2 , -   , -   , -   
,Acute poliomyelitis, 1 , -   , 1 , -   , -   , 1 , -   , -   , -   , -   , -   , -   , -   , -   , -   , -   , -   , -   , -   , -   
,Rabies, 23 , 4 , 18 , 4 , 6 , 5 , 6 , 5 , 11 , 4 , 8 , 5 , 10 , 1 , 5 , 3 , 9 , 3 , 3 , 3 
,Yellow fever, -   , -   , -   , -   , -   , -   , -   , -   , -   , -   , -   , -   , -   , -   , -   , -   , -   , -   , -   , -   
,Other arthropod-borne viral fevers and viral haemorrhagic fevers, 106 , 121 , 108 , 174 , 109 , 142 , 142 , 199 , 195 , 223 , 91 , 153 , 141 , 184 , 98 , 140 , 86 , 130 , 144 , 196 
,Measles, 10 , 7 , 10 , 5 , 5 , 6 , 5 , 9 , 7 , 7 , 7 , 3 , 3 , 2 , 22 , 22 , 112 , 84 , 1 , 1 
,Viral hepatitis, 8 , 6 , 3 , 3 , 2 , 2 , 3 , 5 , 3 , 2 , 6 , 3 , 1 , 5 , 3 , 1 , 5 , 3 , 2 , 3 
,Human immunodeficiency virus [HIV] disease, 1 , -   , -   , -   , -   , 1 , -   , -   , -   , -   , -   , -   , 1 , -   , 1 , -   , -   , -   , 2 , -   
,Malaria, 7 , 3 , 2 , 4 , 1 , 1 , -   , 2 , 1 , -   , -   , 2 , -   , 2 , -   , 1 , 1 , 1 , -   , 1 
,Leishmaniasis, -   , -   , -   , -   , -   , -   , -   , -   , -   , -   , -   , -   , -   , -   , -   , -   , -   , -   , -   , -   
,Trypanosomiasis, -   , -   , 1 , -   , -   , -   , -   , -   , -   , -   , -   , -   , -   , -   , -   , -   , -   , -   , -   , -   
,Schistosomiasis [bilharziasis], -   , -   , -   , -   , -   , -   , -   , -   , 1 , -   , -   , -   , 1 , -   , 1 , -   , -   , -   , -   , -   
,Remainder of certain infectious and parasitic diseases, 90 , 70 , 67 , 50 , 69 , 62 , 64 , 65 , 41 , 36 , 41 , 53 , 65 , 56 , 62 , 73 , 103 , 98 , 93 , 87 
,Malignant Neoplasms, 223 , 175 , 231 , 165 , 225 , 141 , 156 , 124 , 273 , 178 , 237 , 177 , 249 , 185 , 252 , 175 , 249 , 173 , 258 , 183 
,Remainder of Neoplasms, 19 , 24 , 22 , 18 , 31 , 24 , 22 , 17 , 25 , 24 , 26 , 27 , 21 , 20 , 27 , 21 , 37 , 18 , 34 , 25 
,Anaemias, 47 , 36 , 36 , 40 , 40 , 31 , 35 , 26 , 42 , 33 , 32 , 34 , 32 , 31 , 39 , 32 , 35 , 52 , 26 , 33 
,"Remainder of diseases of the blood and blood-forming organs and certain disorders 
   involving the immune mechanism", 47 , 40 , 49 , 20 , 39 , 30 , 48 , 34 , 38 , 32 , 41 , 27 , 41 , 42 , 56 , 60 , 52 , 48 , 51 , 31 
,Diabetes Mellitus, 10 , 3 , 4 , 4 , 1 , 3 , 3 , 3 , 5 , 3 , 2 , 3 , 4 , 9 , 3 , 1 , 4 , 4 , 6 , -   
,Malnutrition, 162 , 153 , 108 , 96 , 121 , 83 , 117 , 134 , 95 , 82 , 86 , 82 , 87 , 101 , 81 , 94 , 105 , 130 , 113 , 117 
,"Remainder endocrine, nutritional and metabolic diseases", 101 , 57 , 77 , 66 , 92 , 72 , 106 , 70 , 107 , 66 , 121 , 63 , 98 , 80 , 114 , 86 , 148 , 131 , 86 , 84 
,Mental and behavioural disorders due to psychoactive substance use, -   , -   , -   , -   , -   , -   , 1 , -   , -   , -   , -   , -   , -   , -   , -   , 1 , -   , -   , -   , -   
,Remainder of mental and behavioural disorders, -   , -   , -   , -   , 1 , 1 , -   , -   , -   , -   , -   , -   , 3 , 3 , -   , 1 , -   , 1 , -   , -   
,Meningitis, 166 , 143 , 158 , 122 , 178 , 130 , 192 , 147 , 179 , 154 , 157 , 141 , 161 , 140 , 178 , 151 , 183 , 151 , 177 , 127 
,Alzheimer's disease, -   , -   , -   , -   , -   , -   , -   , -   , -   , -   , -   , -   , -   , -   , -   , -   , -   , -   , -   , -   
,Remainder of diseases of the nervous system, 243 , 190 , 244 , 186 , 236 , 203 , 261 , 207 , 262 , 222 , 241 , 215 , 320 , 225 , 311 , 220 , 291 , 250 , 308 , 267 
,Diseases of the eye and adnexa, 1 , 1 , -   , 2 , -   , -   , 1 , -   , 1 , 1 , -   , -   , -   , -   , 3 , -   , -   , -   , -   , -   
,Diseases of the ear and mastoid process, 2 , 1 , 5 , -   , 3 , 2 , 4 , 2 , 2 , 4 , 2 , -   , 3 , 4 , 3 , 1 , 2 , 1 , 3 , 1 
,Acute rheumatic fever and chronic rheumatic heart diseases, 8 , 6 , 11 , 7 , 12 , 6 , 8 , 5 , 8 , 11 , 11 , 5 , 6 , 4 , 4 , 10 , 7 , 9 , 10 , 4 
,Hypertensive diseases, 3 , 4 , -   , 1 , 2 , 2 , -   , -   , 5 , 3 , 3 , 2 , 5 , 2 , 3 , 2 , -   , -   , 1 , 1 
,Ischaemic heart diseases, 5 , 8 , 9 , 5 , 3 , 4 , 16 , 4 , 10 , 11 , 7 , 8 , 16 , 7 , 9 , 11 , 10 , 8 , 8 , 12 
,Other heart diseases, 37 , 42 , 76 , 54 , 72 , 64 , 94 , 77 , 96 , 89 , 106 , 84 , 148 , 125 , 122 , 107 , 110 , 94 , 98 , 96 
,Cerebrovascular diseases, 16 , 17 , 23 , 15 , 18 , 21 , 28 , 7 , 32 , 17 , 23 , 15 , 22 , 14 , 25 , 11 , 24 , 14 , 21 , 7 
,Atherosclerosis, -   , -   , -   , 1 , -   , -   , -   , -   , -   , -   , 1 , -   , -   , -   , -   , -   , -   , 1 , -   , -   
,Remainder of diseases of the circulatory system, 6 , 3 , 2 , 3 , 1 , 2 , 1 , 2 , 5 , -   , 3 , -   , 2 , 1 , 2 , 4 , 5 , -   , 4 , 2 
,Influenza, 2 , 4 , -   , -   , -   , 1 , -   , 2 , -   , 1 , -   , -   , -   , 1 , 1 , 1 , -   , -   , 1 , -   
,Pneumonia," 1,046 ", 930 , 991 , 843 ," 1,031 ", 938 ," 1,139 ", 979 ," 1,073 ", 978 ," 1,117 "," 1,081 ", 940 , 879 ," 1,086 "," 1,012 "," 1,074 ", 954 , 737 , 715 
,Other acute lower respiratory infections, 11 , 11 , 4 , 4 , 8 , 3 , 4 , 4 , 4 , 10 , 2 , 5 , 6 , 5 , 5 , 5 , 2 , 4 , 8 , 1 
,Chronic lower respiratory diseases, 185 , 226 , 172 , 192 , 199 , 193 , 200 , 230 , 213 , 202 , 195 , 219 , 228 , 215 , 218 , 247 , 207 , 228 , 205 , 197 
,Remainder of diseases of the respiratory system, 100 , 88 , 92 , 65 , 97 , 84 , 122 , 88 , 115 , 92 , 124 , 97 , 141 , 120 , 146 , 105 , 138 , 122 , 133 , 90 
,Gastric and duodenal ulcer, 1 , -   , 1 , 1 , 4 , -   , 4 , 2 , 3 , 2 , -   , 1 , 1 , -   , 3 , 2 , 1 , 1 , 1 , 1 
,Diseases of the liver, 11 , 18 , 9 , 8 , 14 , 13 , 11 , 14 , 18 , 10 , 15 , 12 , 21 , 14 , 22 , 15 , 15 , 19 , 23 , 23 
,Remainder of diseases of the digestive system, 64 , 33 , 65 , 31 , 60 , 38 , 59 , 37 , 71 , 25 , 67 , 40 , 55 , 46 , 77 , 47 , 82 , 53 , 63 , 36 
,Diseases of the skin and subcutaneous tissue, 20 , 15 , 17 , 12 , 16 , 9 , 18 , 9 , 11 , 7 , 14 , 4 , 10 , 6 , 17 , 14 , 18 , 7 , 23 , 18 
,Diseases of the musculoskeletal system and connective tissue, 3 , 5 , -   , 3 , 6 , -   , 4 , 3 , 2 , 3 , -   , 3 , -   , 2 , 1 , 4 , 4 , 2 , 5 , 2 
,Glomerular and renal tubulo-interstitial diseases, 42 , 35 , 47 , 35 , 40 , 35 , 59 , 38 , 34 , 29 , 33 , 28 , 34 , 37 , 45 , 25 , 39 , 31 , 44 , 24 
,Remainder of diseases of the genitourinary system, 36 , 30 , 38 , 25 , 25 , 42 , 44 , 36 , 33 , 32 , 45 , 27 , 32 , 28 , 34 , 28 , 23 , 27 , 36 , 37 
,Pregnancy with abortive outcome, -   , -   , -   , -   , -   , -   , -   , -   , -   , -   , -   , -   , -   , -   , -   , -   , -   , -   , -   , -   
,Other direct obstetric deaths, -   , -   , -   , -   , -   , -   , -   , -   , -   , -   , -   , -   , -   , -   , -   , -   , -   , -   , -   , -   
,Indirect obstetric deaths, -   , -   , -   , -   , -   , -   , -   , -   , -   , -   , -   , -   , -   , -   , -   , -   , -   , -   , -   , -   
,"Remainder of pregnancy, childbirth and the puerperium", -   , -   , -   , -   , -   , -   , -   , -   , -   , -   , -   , -   , -   , -   , -   , -   , -   , -   , -   , -   
,"Fetus and newborn affected by maternal factors and by complications of pregnancy, 
   labour and delivery", -   , -   , -   , -   , -   , -   , -   , -   , -   , -   , -   , -   , -   , -   , -   , -   , -   , -   , -   , -   
,Disorders relating to length of gestation and fetal growth, -   , -   , -   , -   , -   , -   , -   , -   , -   , -   , -   , -   , -   , -   , -   , -   , -   , -   , -   , -   
,Birth Trauma, -   , -   , -   , -   , -   , -   , -   , -   , -   , -   , -   , -   , -   , -   , -   , -   , -   , -   , -   , -   
,Intrauterine hypoxia and birth asphyxia, -   , -   , -   , -   , -   , -   , -   , -   , -   , -   , -   , -   , -   , -   , -   , -   , -   , -   , -   , -   
,Respiratory distress of newborn, -   , -   , -   , -   , -   , -   , -   , -   , -   , -   , -   , -   , -   , -   , -   , -   , -   , -   , -   , -   
,Congenital pneumonia, -   , -   , -   , -   , -   , -   , -   , -   , -   , -   , -   , -   , -   , -   , -   , -   , -   , -   , -   , -   
,Other respiratory conditions of newborn, -   , -   , -   , -   , -   , -   , -   , -   , -   , -   , -   , -   , -   , -   , -   , -   , -   , -   , -   , -   
,Bacterial sepsis of newborn, -   , -   , -   , -   , -   , -   , -   , -   , -   , -   , -   , -   , -   , -   , -   , -   , -   , -   , -   , -   
,Omphalitis of newborn with or without mild haemorrhage, -   , -   , -   , -   , -   , -   , -   , -   , -   , -   , -   , -   , -   , -   , -   , -   , -   , -   , -   , -   
,Haemorrhagic and haematological disorders of fetus and newborn, -   , -   , -   , -   , -   , -   , -   , -   , -   , -   , -   , -   , -   , -   , -   , -   , -   , -   , -   , -   
,Remainder of perinatal conditions, -   , -   , -   , -   , -   , -   , -   , -   , -   , -   , -   , -   , -   , -   , -   , -   , -   , -   , -   , -   
,"Congenital malformations, deformations and chromosomal abnormalities", 379 , 364 , 366 , 349 , 431 , 380 , 421 , 384 , 409 , 388 , 397 , 346 , 348 , 384 , 360 , 355 , 360 , 304 , 429 , 369 
,"Symptoms, signs and abnormal clinical and laboratory findings, not elsewhere 
   classified", 324 , 260 , 247 , 216 , 216 , 187 , 293 , 184 , 145 , 121 , 155 , 147 , 214 , 162 , 179 , 170 , 184 , 157 , 134 , 141 
,Land Transport accidents, 84 , 68 , 98 , 72 , 99 , 61 , 87 , 69 , 83 , 43 , 93 , 54 , 84 , 60 , 84 , 57 , 77 , 54 , 81 , 49 
,Water Transport accidents, 1 , -   , 1 , -   , 6 , 5 , 3 , 1 , -   , -   , -   , -   , 1 , 1 , 1 , -   , 1 , 1 , -   , 1 
,Air and space transport accidents, -   , -   , -   , -   , -   , 1 , -   , -   , -   , -   , -   , -   , -   , -   , -   , -   , -   , -   , -   , -   
,Other and unspecified transport accidents, 2 , -   , -   , -   , 1 , -   , -   , 1 , -   , -   , -   , -   , -   , 1 , -   , -   , 1 , -   , -   , -   
,Falls, 23 , 16 , 24 , 18 , 28 , 22 , 24 , 33 , 28 , 12 , 22 , 25 , 45 , 22 , 36 , 22 , 36 , 22 , 38 , 23 
,Accidental drowning and submersion, 324 , 177 , 319 , 184 , 297 , 195 , 353 , 178 , 296 , 159 , 328 , 224 , 298 , 168 , 301 , 183 , 325 , 144 , 278 , 157 
,"Exposure to smoke, fire and flames", 36 , 36 , 43 , 31 , 41 , 28 , 37 , 35 , 46 , 38 , 30 , 22 , 41 , 25 , 36 , 25 , 39 , 38 , 45 , 30 
,Accidental poisoning by and exposure to noxious substances, 26 , 22 , 16 , 13 , 23 , 17 , 19 , 7 , 26 , 9 , 16 , 14 , 13 , 5 , 17 , 9 , 10 , 7 , 3 , 7 
,Intentional self-harm, -   , 3 , -   , 1 , -   , 1 , -   , -   , 1 , 3 , 1 , -   , 4 , 2 , 1 , -   , 1 , 1 , -   , -   
,Assault, 21 , 11 , 18 , 13 , 19 , 18 , 22 , 11 , 25 , 16 , 16 , 16 , 20 , 13 , 21 , 15 , 18 , 14 , 16 , 21 
,All other external causes, 235 , 181 , 108 , 68 , 128 , 88 , 148 , 134 , 126 , 84 , 179 , 120 , 153 , 108 , 336 , 289 , 124 , 81 , 150 , 96 
,Other diseases not included in the general lists of mortality tabulation, -   , -   , -   , -   , -   , -   , -   , -   , -   , -   , 2 , 6 , -   , -   , -   , -   , -   , -   , -   , -   
AGE 5-14,," 6,072 "," 4,504 "," 5,731 "," 4,083 "," 5,667 "," 4,326 "," 5,989 "," 4,296 "," 5,736 "," 4,394 "," 5,818 "," 4,106 "," 5,645 "," 4,219 "," 5,745 "," 4,354 "," 5,280 "," 4,004 "," 5,623 "," 4,191 "
,Cholera, 1 , -   , 1 , 1 , -   , -   , -   , -   , -   , -   , -   , 1 , -   , -   , 1 , -   , -   , -   , -   , -   
,Diarrhoea and gastroenteritis of presumed infectious origin, 209 , 156 , 171 , 149 , 185 , 145 , 183 , 146 , 148 , 108 , 167 , 128 , 147 , 112 , 108 , 74 , 95 , 83 , 101 , 105 
,Other intestinal infectious diseases, 60 , 57 , 46 , 52 , 57 , 50 , 53 , 43 , 47 , 51 , 45 , 42 , 43 , 45 , 41 , 27 , 25 , 27 , 18 , 18 
,Respiratory tuberculosis, 91 , 61 , 89 , 58 , 82 , 59 , 96 , 65 , 90 , 72 , 77 , 54 , 76 , 62 , 63 , 54 , 86 , 63 , 94 , 60 
,Other tuberculosis, 116 , 72 , 92 , 67 , 96 , 68 , 91 , 78 , 84 , 71 , 88 , 61 , 84 , 61 , 101 , 60 , 83 , 66 , 101 , 73 
,Plague, -   , -   , -   , -   , -   , -   , -   , -   , -   , -   , -   , -   , 1 , 1 , -   , -   , -   , -   , -   , -   
,Tetanus, 52 , 19 , 45 , 15 , 51 , 14 , 40 , 18 , 40 , 19 , 47 , 23 , 40 , 3 , 42 , 8 , 41 , 13 , 42 , 14 
,Diphtheria, 1 , 2 , 4 , 1 , 1 , 5 , 5 , 5 , 5 , 6 , 2 , 6 , 3 , 3 , 5 , 9 , 6 , 4 , 2 , 5 
,Whooping cough, -   , -   , -   , -   , -   , -   , -   , -   , -   , -   , -   , -   , -   , -   , -   , -   , -   , -   , -   , -   
,Meningococcal infection, 9 , 5 , 3 , 3 , 5 , 5 , 4 , 3 , 6 , 9 , 8 , 5 , 13 , 5 , 10 , 7 , 13 , 7 , 6 , 7 
,Septicaemia, 134 , 118 , 182 , 134 , 180 , 163 , 202 , 141 , 215 , 158 , 219 , 163 , 208 , 132 , 129 , 86 , 134 , 131 , 130 , 114 
,Infections with a predominantly sexual mode of transmission, 1 , -   , -   , 1 , 1 , -   , -   , -   , -   , -   , -   , -   , -   , 3 , -   , 1 , 1 , 2 , 1 , -   
,Acute poliomyelitis, 1 , 1 , 1 , 3 , 5 , 1 , 2 , 2 , 3 , 2 , 1 , -   , -   , -   , 1 , 2 , -   , -   , 5 , 2 
,Rabies, 75 , 31 , 58 , 26 , 64 , 30 , 55 , 21 , 45 , 15 , 40 , 15 , 35 , 9 , 32 , 16 , 43 , 9 , 43 , 13 
,Yellow fever, -   , -   , -   , -   , -   , -   , -   , -   , -   , -   , -   , -   , -   , -   , -   , -   , -   , -   , -   , -   
,Other arthropod-borne viral fevers and viral haemorrhagic fevers, 224 , 260 , 309 , 329 , 248 , 265 , 255 , 294 , 323 , 430 , 201 , 263 , 238 , 329 , 205 , 242 , 142 , 201 , 230 , 301 
,Measles, 4 , 3 , 5 , -   , 3 , -   , 2 , 2 , 7 , 4 , 3 , 3 , 2 , 2 , 2 , -   , 10 , 10 , 1 , 1 
,Viral hepatitis, 13 , 14 , 13 , 12 , 11 , 9 , 7 , 8 , 8 , 5 , 4 , 5 , 11 , 5 , 4 , 6 , 2 , 3 , 7 , 7 
,Human immunodeficiency virus [HIV] disease, -   , -   , -   , -   , -   , -   , 1 , -   , -   , -   , -   , -   , -   , -   , -   , -   , 1 , -   , -   , -   
,Malaria, 3 , 5 , 6 , 6 , 4 , 5 , 3 , 2 , 3 , 2 , -   , 1 , -   , 1 , 4 , -   , -   , 1 , 1 , 2 
,Leishmaniasis, -   , -   , -   , -   , -   , -   , -   , -   , -   , -   , -   , -   , -   , -   , -   , -   , -   , -   , -   , -   
,Trypanosomiasis, -   , -   , -   , -   , -   , -   , -   , -   , -   , -   , -   , -   , -   , -   , -   , -   , -   , -   , -   , -   
,Schistosomiasis [bilharziasis], 2 , 1 , 2 , 1 , 1 , -   , 1 , 3 , 1 , 1 , 3 , 2 , -   , 1 , 4 , -   , 4 , -   , 1 , -   
,Remainder of certain infectious and parasitic diseases, 64 , 44 , 64 , 37 , 70 , 31 , 61 , 40 , 45 , 32 , 42 , 32 , 60 , 46 , 72 , 52 , 56 , 43 , 65 , 51 
,Malignant Neoplasms, 421 , 313 , 373 , 296 , 405 , 286 , 441 , 334 , 431 , 338 , 462 , 300 , 409 , 292 , 420 , 326 , 432 , 367 , 476 , 350 
,Remainder of Neoplasms, 40 , 29 , 61 , 46 , 49 , 35 , 56 , 37 , 56 , 44 , 56 , 41 , 56 , 50 , 59 , 53 , 41 , 34 , 52 , 46 
,Anaemias, 58 , 54 , 60 , 35 , 54 , 62 , 67 , 47 , 58 , 47 , 64 , 43 , 64 , 49 , 56 , 58 , 55 , 57 , 47 , 40 
,"Remainder of diseases of the blood and blood-forming organs and certain disorders 
   involving the immune mechanism", 48 , 42 , 39 , 43 , 49 , 46 , 49 , 35 , 45 , 40 , 43 , 31 , 46 , 41 , 62 , 45 , 62 , 44 , 66 , 53 
,Diabetes Mellitus, 14 , 13 , 11 , 19 , 8 , 17 , 19 , 15 , 18 , 12 , 18 , 14 , 11 , 14 , 22 , 32 , 20 , 24 , 18 , 22 
,Malnutrition, 76 , 69 , 53 , 46 , 54 , 55 , 64 , 68 , 38 , 53 , 54 , 35 , 55 , 62 , 51 , 33 , 60 , 43 , 53 , 49 
,"Remainder endocrine, nutritional and metabolic diseases", 48 , 39 , 54 , 50 , 60 , 60 , 63 , 66 , 42 , 60 , 56 , 50 , 58 , 60 , 63 , 56 , 68 , 62 , 52 , 46 
,Mental and behavioural disorders due to psychoactive substance use, 1 , -   , -   , -   , 2 , -   , 1 , -   , 2 , -   , 1 , -   , 1 , -   , -   , 2 , -   , 1 , 1 , -   
,Remainder of mental and behavioural disorders, -   , 1 , 3 , 5 , 5 , 6 , 2 , 2 , 2 , 1 , 2 , -   , 1 , 3 , 4 , 2 , 4 , 8 , 1 , -   
,Meningitis, 181 , 108 , 168 , 156 , 190 , 143 , 180 , 132 , 161 , 142 , 168 , 112 , 146 , 112 , 139 , 121 , 151 , 134 , 156 , 130 
,Alzheimer's disease, -   , -   , -   , -   , -   , -   , 1 , -   , -   , -   , -   , -   , 1 , 1 , -   , 1 , -   , -   , -   , -   
,Remainder of diseases of the nervous system, 359 , 306 , 368 , 286 , 342 , 263 , 405 , 259 , 373 , 288 , 376 , 252 , 345 , 312 , 358 , 295 , 442 , 293 , 432 , 331 
,Diseases of the eye and adnexa, -   , 1 , 1 , -   , -   , -   , -   , 2 , 1 , 1 , -   , 1 , 3 , -   , 1 , -   , 1 , -   , -   , -   
,Diseases of the ear and mastoid process, 8 , 7 , 7 , 3 , 5 , 4 , 5 , 7 , 4 , 4 , -   , 5 , -   , 5 , 3 , 3 , 4 , 3 , 2 , 2 
,Acute rheumatic fever and chronic rheumatic heart diseases, 129 , 135 , 142 , 132 , 127 , 131 , 115 , 125 , 110 , 139 , 98 , 96 , 94 , 104 , 91 , 99 , 90 , 113 , 111 , 106 
,Hypertensive diseases, 4 , 6 , 4 , 3 , 3 , 4 , 6 , 2 , 5 , 3 , 4 , 6 , 5 , 5 , 2 , 2 , 4 , 2 , 3 , 4 
,Ischaemic heart diseases, 20 , 20 , 22 , 18 , 24 , 18 , 24 , 18 , 22 , 22 , 36 , 29 , 27 , 25 , 29 , 22 , 23 , 16 , 28 , 26 
,Other heart diseases, 68 , 73 , 135 , 101 , 123 , 117 , 152 , 108 , 172 , 122 , 164 , 142 , 200 , 154 , 187 , 160 , 150 , 145 , 180 , 156 
,Cerebrovascular diseases, 47 , 45 , 64 , 33 , 59 , 44 , 61 , 44 , 67 , 42 , 74 , 51 , 65 , 40 , 68 , 49 , 64 , 30 , 60 , 33 
,Atherosclerosis, 1 , 1 , -   , -   , -   , -   , -   , 1 , -   , -   , -   , 2 , -   , 1 , -   , -   , -   , -   , -   , -   
,Remainder of diseases of the circulatory system, 10 , 7 , 6 , 9 , 7 , 7 , 13 , 4 , 5 , 7 , 9 , 7 , 7 , 11 , 5 , 8 , 8 , 5 , 9 , 12 
,Influenza, 4 , 3 , 3 , -   , 2 , 2 , 1 , 1 , 1 , 1 , -   , 2 , -   , 1 , 1 , 1 , -   , -   , -   , -   
,Pneumonia, 489 , 406 , 474 , 346 , 470 , 459 , 603 , 462 , 567 , 477 , 577 , 493 , 552 , 442 , 536 , 463 , 454 , 397 , 434 , 377 
,Other acute lower respiratory infections, 2 , 1 , 1 , -   , 3 , 3 , 3 , 2 , -   , 1 , 4 , 1 , -   , 4 , 1 , -   , 1 , -   , -   , -   
,Chronic lower respiratory diseases, 130 , 97 , 151 , 101 , 148 , 92 , 149 , 110 , 151 , 108 , 127 , 109 , 144 , 107 , 140 , 114 , 146 , 103 , 158 , 113 
,Remainder of diseases of the respiratory system, 70 , 50 , 77 , 52 , 82 , 74 , 83 , 57 , 76 , 66 , 81 , 64 , 93 , 69 , 91 , 60 , 92 , 82 , 69 , 53 
,Gastric and duodenal ulcer, 3 , 2 , 6 , 7 , 7 , 4 , 6 , 9 , 10 , 4 , 8 , 6 , 4 , 3 , 3 , 2 , 6 , 3 , 7 , 6 
,Diseases of the liver, 29 , 12 , 29 , 10 , 18 , 17 , 30 , 16 , 26 , 8 , 20 , 7 , 18 , 14 , 29 , 16 , 20 , 28 , 19 , 17 
,Remainder of diseases of the digestive system, 82 , 77 , 114 , 72 , 79 , 56 , 84 , 47 , 66 , 52 , 93 , 56 , 90 , 63 , 87 , 44 , 88 , 57 , 102 , 57 
,Diseases of the skin and subcutaneous tissue, 17 , 14 , 16 , 14 , 20 , 16 , 9 , 8 , 12 , 6 , 13 , 10 , 8 , 9 , 13 , 18 , 16 , 10 , 18 , 23 
,Diseases of the musculoskeletal system and connective tissue, 13 , 16 , 11 , 26 , 14 , 27 , 15 , 40 , 4 , 17 , 13 , 19 , 13 , 28 , 8 , 42 , 15 , 42 , 8 , 37 
,Glomerular and renal tubulo-interstitial diseases, 94 , 86 , 87 , 68 , 89 , 77 , 89 , 85 , 97 , 77 , 82 , 57 , 80 , 51 , 87 , 68 , 98 , 73 , 98 , 61 
,Remainder of diseases of the genitourinary system, 105 , 82 , 89 , 98 , 113 , 87 , 94 , 83 , 108 , 92 , 128 , 76 , 90 , 66 , 99 , 98 , 94 , 86 , 104 , 82 
,Pregnancy with abortive outcome, -   , -   , -   , -   , -   , 1 , -   , -   , -   , 1 , -   , -   , -   , -   , -   , -   , -   , -   , -   , 1 
,Other direct obstetric deaths, -   , -   , -   , 1 , -   , 1 , -   , -   , -   , 3 , -   , 1 , -   , -   , -   , -   , -   , -   , -   , 1 
,Indirect obstetric deaths, -   , -   , -   , -   , -   , -   , -   , -   , -   , -   , -   , -   , -   , -   , -   , -   , -   , -   , -   , -   
,"Remainder of pregnancy, childbirth and the puerperium", -   , -   , -   , -   , -   , -   , -   , -   , -   , -   , -   , -   , -   , -   , -   , -   , -   , -   , -   , -   
,"Fetus and newborn affected by maternal factors and by complications of pregnancy, 
   labour and delivery", -   , -   , -   , -   , -   , -   , -   , -   , -   , -   , -   , -   , -   , -   , -   , -   , -   , -   , -   , -   
,Disorders relating to length of gestation and fetal growth, -   , -   , -   , -   , -   , -   , -   , -   , -   , -   , -   , -   , -   , -   , -   , -   , -   , -   , -   , -   
,Birth Trauma, -   , -   , -   , -   , -   , -   , -   , -   , -   , -   , -   , -   , -   , -   , -   , -   , -   , -   , -   , -   
,Intrauterine hypoxia and birth asphyxia, -   , -   , -   , -   , -   , -   , -   , -   , -   , -   , -   , -   , -   , -   , -   , -   , -   , -   , -   , -   
,Respiratory distress of newborn, -   , -   , -   , -   , -   , -   , -   , -   , -   , -   , -   , -   , -   , -   , -   , -   , -   , -   , -   , -   
,Congenital pneumonia, -   , -   , -   , -   , -   , -   , -   , -   , -   , -   , -   , -   , -   , -   , -   , -   , -   , -   , -   , -   
,Other respiratory conditions of newborn, -   , -   , -   , -   , -   , -   , -   , -   , -   , -   , -   , -   , -   , -   , -   , -   , -   , -   , -   , -   
,Bacterial sepsis of newborn, -   , -   , -   , -   , -   , -   , -   , -   , -   , -   , -   , -   , -   , -   , -   , -   , -   , -   , -   , -   
,Omphalitis of newborn with or without mild haemorrhage, -   , -   , -   , -   , -   , -   , -   , -   , -   , -   , -   , -   , -   , -   , -   , -   , -   , -   , -   , -   
,Haemorrhagic and haematological disorders of fetus and newborn, -   , -   , -   , -   , -   , -   , -   , -   , -   , -   , -   , -   , -   , -   , -   , -   , -   , -   , -   , -   
,Remainder of perinatal conditions, -   , -   , -   , -   , -   , -   , -   , -   , -   , -   , -   , -   , -   , -   , -   , -   , -   , -   , -   , -   
,"Congenital malformations, deformations and chromosomal abnormalities", 279 , 244 , 311 , 217 , 278 , 278 , 303 , 284 , 289 , 240 , 310 , 225 , 255 , 230 , 255 , 208 , 254 , 219 , 305 , 296 
,"Symptoms, signs and abnormal clinical and laboratory findings, not elsewhere 
   classified", 311 , 211 , 243 , 166 , 201 , 140 , 162 , 127 , 167 , 127 , 158 , 128 , 198 , 166 , 189 , 161 , 203 , 158 , 180 , 127 
,Land Transport accidents, 393 , 185 , 361 , 185 , 317 , 186 , 310 , 187 , 370 , 182 , 317 , 149 , 303 , 160 , 329 , 138 , 305 , 159 , 308 , 183 
,Water Transport accidents, 1 , -   , 1 , 1 , 6 , 13 , -   , 1 , -   , -   , 2 , 1 , 4 , 2 , 2 , 2 , 1 , -   , 1 , 1 
,Air and space transport accidents, -   , -   , -   , -   , 2 , 1 , -   , -   , -   , 2 , -   , -   , -   , -   , -   , -   , -   , -   , -   , -   
,Other and unspecified transport accidents, 1 , -   , -   , -   , -   , -   , -   , -   , -   , -   , -   , 1 , 1 , 1 , -   , 1 , -   , -   , -   , -   
,Falls, 95 , 34 , 94 , 30 , 92 , 34 , 85 , 33 , 82 , 34 , 86 , 42 , 92 , 31 , 104 , 36 , 77 , 31 , 89 , 30 
,Accidental drowning and submersion, 537 , 294 , 467 , 208 , 501 , 287 , 555 , 266 , 511 , 299 , 553 , 305 , 621 , 343 , 517 , 251 , 532 , 258 , 584 , 256 
,"Exposure to smoke, fire and flames", 26 , 17 , 27 , 21 , 20 , 15 , 30 , 22 , 27 , 22 , 26 , 18 , 26 , 13 , 26 , 12 , 25 , 14 , 33 , 34 
,Accidental poisoning by and exposure to noxious substances, 25 , 6 , 9 , 14 , 20 , 13 , 8 , 5 , 17 , 6 , 17 , 10 , 8 , 5 , 9 , 6 , 6 , 6 , 13 , 10 
,Intentional self-harm, 35 , 28 , 21 , 13 , 24 , 22 , 22 , 16 , 35 , 17 , 44 , 29 , 35 , 24 , 28 , 12 , 31 , 20 , 33 , 20 
,Assault, 93 , 56 , 99 , 48 , 116 , 63 , 104 , 47 , 104 , 47 , 109 , 47 , 85 , 48 , 65 , 53 , 64 , 45 , 69 , 49 
,All other external causes, 645 , 465 , 378 , 207 , 415 , 210 , 459 , 211 , 334 , 155 , 418 , 229 , 370 , 177 , 682 , 537 , 331 , 169 , 396 , 177 
,Other diseases not included in the general lists of mortality tabulation, -   , -   , -   , 2 , -   , -   , -   , -   , -   , -   , -   , -   , -   , 1 , -   , -   , -   , -   , -   , 1 
AGE 15-64,," 133,430 "," 66,859 "," 133,598 "," 67,053 "," 138,330 "," 69,649 "," 143,929 "," 73,434 "," 146,147 "," 75,061 "," 149,128 "," 76,970 "," 152,018 "," 79,014 "," 155,581 "," 82,638 "," 161,547 "," 84,431 "," 165,499 "," 86,710 "
,Cholera, 26 , 15 , 3 , 3 , 6 , 3 , 6 , 1 , 3 , 3 , 3 , -   , 13 , 2 , 2 , -   , 1 , 1 , 2 , 2 
,Diarrhoea and gastroenteritis of presumed infectious origin, 644 , 413 , 556 , 379 , 727 , 411 , 737 , 449 , 547 , 346 , 739 , 364 , 610 , 381 , 471 , 289 , 502 , 288 , 569 , 306 
,Other intestinal infectious diseases, 464 , 290 , 327 , 200 , 435 , 230 , 358 , 240 , 345 , 230 , 272 , 206 , 342 , 222 , 237 , 148 , 243 , 157 , 222 , 115 
,Respiratory tuberculosis," 10,674 "," 4,194 "," 9,711 "," 3,990 "," 10,131 "," 3,911 "," 10,606 "," 4,213 "," 10,227 "," 4,067 "," 10,100 "," 4,088 "," 9,415 "," 3,628 "," 9,576 "," 3,735 "," 10,327 "," 3,842 "," 10,647 "," 3,968 "
,Other tuberculosis, 429 , 299 , 373 , 268 , 406 , 281 , 387 , 290 , 391 , 273 , 427 , 252 , 472 , 306 , 460 , 326 , 492 , 316 , 604 , 353 
,Plague, -   , -   , -   , -   , -   , -   , -   , -   , -   , -   , 1 , -   , 14 , 7 , -   , 5 , -   , 1 , -   , -   
,Tetanus, 360 , 46 , 346 , 60 , 340 , 58 , 305 , 52 , 305 , 47 , 304 , 44 , 314 , 56 , 304 , 38 , 295 , 38 , 326 , 35 
,Diphtheria, 2 , -   , -   , -   , 1 , -   , 2 , -   , -   , 1 , -   , 1 , 4 , 3 , 4 , 1 , 1 , 1 , 1 , 5 
,Whooping cough, -   , -   , -   , -   , 1 , -   , 1 , -   , 1 , -   , -   , -   , -   , -   , -   , -   , -   , -   , -   , -   
,Meningococcal infection, 11 , 9 , 9 , 5 , 5 , 7 , 5 , 9 , 9 , 5 , 4 , 4 , 13 , 10 , 18 , 6 , 9 , 14 , 9 , 11 
,Septicaemia," 1,277 ", 833 ," 1,500 ", 970 ," 1,543 ", 949 ," 1,744 "," 1,160 "," 1,807 "," 1,203 "," 2,015 "," 1,265 "," 1,823 "," 1,150 "," 1,242 ", 767 ," 1,396 ", 874 ," 1,425 "," 1,001 "
,Infections with a predominantly sexual mode of transmission, 2 , 1 , 1 , 2 , 5 , -   , 3 , 1 , 5 , 3 , 2 , 1 , 38 , 17 , 4 , 2 , 41 , 16 , 8 , 1 
,Acute poliomyelitis, 7 , 4 , 5 , 6 , 13 , 6 , 11 , 10 , 10 , 6 , 4 , 2 , 4 , 6 , 5 , 1 , 11 , 5 , 10 , 5 
,Rabies, 140 , 47 , 178 , 57 , 147 , 47 , 123 , 68 , 138 , 62 , 104 , 40 , 121 , 43 , 116 , 43 , 138 , 38 , 118 , 56 
,Yellow fever, -   , -   , -   , -   , -   , -   , -   , -   , -   , -   , -   , -   , -   , -   , -   , -   , -   , -   , -   , -   
,Other arthropod-borne viral fevers and viral haemorrhagic fevers, 136 , 106 , 170 , 109 , 148 , 104 , 166 , 99 , 190 , 146 , 181 , 115 , 185 , 97 , 159 , 106 , 152 , 109 , 208 , 140 
,Measles, -   , 2 , 2 , 2 , 1 , 1 , -   , 1 , 2 , 4 , 3 , 2 , 1 , 2 , 4 , 1 , 26 , 17 , 2 , 1 
,Viral hepatitis, 439 , 169 , 450 , 153 , 427 , 141 , 408 , 146 , 439 , 153 , 454 , 142 , 462 , 151 , 494 , 126 , 461 , 154 , 512 , 155 
,Human immunodeficiency virus [HIV] disease, 21 , 6 , 10 , 5 , 14 , 10 , 24 , 6 , 26 , 6 , 72 , 7 , 111 , 10 , 158 , 10 , 189 , 11 , 244 , 18 
,Malaria, 81 , 35 , 90 , 33 , 61 , 16 , 40 , 9 , 29 , 14 , 15 , 9 , 29 , 7 , 13 , 3 , 10 , 3 , 10 , 4 
,Leishmaniasis, -   , -   , -   , -   , -   , -   , -   , -   , -   , -   , -   , -   , -   , -   , -   , -   , -   , -   , -   , -   
,Trypanosomiasis, -   , -   , -   , -   , 1 , 1 , 1 , -   , -   , -   , -   , -   , 2 , 2 , -   , 1 , -   , -   , -   , -   
,Schistosomiasis [bilharziasis], 128 , 47 , 116 , 49 , 132 , 54 , 119 , 42 , 102 , 43 , 108 , 53 , 110 , 44 , 124 , 51 , 120 , 43 , 133 , 57 
,Remainder of certain infectious and parasitic diseases, 490 , 118 , 431 , 118 , 469 , 120 , 748 , 134 , 429 , 85 , 646 , 118 , 945 , 252 , 716 , 123 , 609 , 208 , 651 , 180 
,Malignant Neoplasms," 12,502 "," 12,662 "," 12,815 "," 12,997 "," 13,118 "," 13,747 "," 13,563 "," 14,294 "," 13,954 "," 14,978 "," 13,852 "," 15,634 "," 13,913 "," 15,618 "," 14,349 "," 16,729 "," 14,950 "," 17,239 "," 15,233 "," 18,160 "
,Remainder of Neoplasms, 690 , 628 , 832 , 686 , 807 , 779 , 808 , 735 , 816 , 712 , 838 , 672 , 952 , 878 , 995 ," 1,034 "," 1,029 ", 981 ," 1,248 "," 1,125 "
,Anaemias, 511 , 535 , 527 , 529 , 468 , 507 , 451 , 497 , 532 , 559 , 574 , 546 , 671 , 706 , 631 , 611 , 699 , 695 , 592 , 627 
,"Remainder of diseases of the blood and blood-forming organs and certain disorders 
   involving the immune mechanism", 183 , 206 , 162 , 222 , 164 , 209 , 165 , 213 , 163 , 208 , 163 , 199 , 212 , 217 , 223 , 243 , 227 , 276 , 237 , 281 
,Diabetes Mellitus," 5,738 "," 4,365 "," 5,960 "," 4,419 "," 6,300 "," 4,844 "," 6,258 "," 4,719 "," 6,092 "," 4,697 "," 6,286 "," 4,873 "," 6,478 "," 4,952 "," 7,512 "," 5,810 "," 8,869 "," 6,656 "," 9,553 "," 7,055 "
,Malnutrition, 218 , 152 , 197 , 153 , 210 , 150 , 233 , 146 , 231 , 191 , 255 , 157 , 293 , 206 , 256 , 176 , 288 , 179 , 287 , 193 
,"Remainder endocrine, nutritional and metabolic diseases", 651 ," 1,185 ", 742 ," 1,214 ", 806 ," 1,177 ", 846 ," 1,113 ", 855 ," 1,110 ", 862 ," 1,124 ", 889 ," 1,093 ", 986 ," 1,228 "," 1,124 "," 1,282 "," 1,035 "," 1,433 "
,Mental and behavioural disorders due to psychoactive substance use, 478 , 17 , 399 , 18 , 351 , 18 , 309 , 14 , 318 , 12 , 189 , 10 , 259 , 12 , 248 , 10 , 307 , 17 , 194 , 12 
,Remainder of mental and behavioural disorders, 128 , 119 , 117 , 96 , 122 , 80 , 104 , 70 , 77 , 45 , 70 , 66 , 123 , 87 , 136 , 102 , 132 , 90 , 75 , 57 
,Meningitis, 320 , 229 , 330 , 195 , 313 , 225 , 301 , 253 , 308 , 211 , 276 , 183 , 280 , 215 , 318 , 210 , 345 , 215 , 397 , 229 
,Alzheimer's disease, 7 , 8 , 6 , 6 , 1 , 15 , 6 , 10 , 11 , 16 , 15 , 9 , 11 , 6 , 3 , 6 , 10 , 10 , 7 , 10 
,Remainder of diseases of the nervous system," 1,589 ", 914 ," 1,443 ", 876 ," 1,529 ", 886 ," 1,464 ", 906 ," 1,532 ", 884 ," 1,399 ", 886 ," 1,604 "," 1,053 "," 1,641 "," 1,030 "," 1,823 "," 1,123 "," 1,747 "," 1,067 "
,Diseases of the eye and adnexa, 6 , 6 , 9 , 5 , 4 , 2 , 4 , 1 , 3 , 2 , 4 , 1 , 21 , 7 , 2 , 6 , 4 , 1 , 4 , 3 
,Diseases of the ear and mastoid process, 36 , 10 , 31 , 10 , 28 , 14 , 15 , 11 , 20 , 10 , 17 , 8 , 13 , 4 , 12 , 9 , 9 , 12 , 13 , 10 
,Acute rheumatic fever and chronic rheumatic heart diseases, 776 ," 1,034 ", 705 ," 1,017 ", 722 ," 1,023 ", 737 , 966 , 622 , 925 , 633 , 899 , 646 , 894 , 576 , 869 , 643 , 869 , 663 , 999 
,Hypertensive diseases," 4,678 "," 2,420 "," 4,357 "," 2,251 "," 4,772 "," 2,462 "," 4,349 "," 2,416 "," 4,172 "," 2,292 "," 4,205 "," 2,260 "," 6,196 "," 3,309 "," 7,580 "," 4,115 "," 9,391 "," 4,817 "," 9,210 "," 4,713 "
,Ischaemic heart diseases," 16,025 "," 5,953 "," 16,736 "," 6,263 "," 17,141 "," 6,498 "," 19,149 "," 7,330 "," 20,173 "," 7,742 "," 21,387 "," 8,241 "," 20,101 "," 7,783 "," 20,956 "," 8,261 "," 21,088 "," 7,935 "," 22,454 "," 8,372 "
,Other heart diseases," 4,733 "," 2,957 "," 5,512 "," 3,320 "," 5,629 "," 3,361 "," 6,003 "," 3,595 "," 6,228 "," 3,797 "," 6,881 "," 4,142 "," 8,391 "," 4,760 "," 7,770 "," 4,689 "," 7,939 "," 4,720 "," 7,654 "," 4,229 "
,Cerebrovascular diseases," 13,380 "," 7,131 "," 14,368 "," 7,565 "," 15,236 "," 7,812 "," 16,375 "," 8,794 "," 17,431 "," 9,284 "," 17,998 "," 9,349 "," 16,153 "," 8,432 "," 15,995 "," 8,409 "," 15,585 "," 8,016 "," 16,901 "," 8,721 "
,Atherosclerosis, 36 , 12 , 30 , 24 , 51 , 24 , 37 , 23 , 45 , 27 , 57 , 24 , 55 , 24 , 22 , 14 , 30 , 17 , 32 , 16 
,Remainder of diseases of the circulatory system, 336 , 165 , 355 , 185 , 394 , 187 , 342 , 180 , 373 , 169 , 412 , 208 , 443 , 214 , 645 , 318 , 722 , 384 , 570 , 296 
,Influenza, 39 , 19 , 27 , 20 , 25 , 12 , 18 , 17 , 19 , 10 , 9 , 3 , 12 , 15 , 9 , 7 , 17 , 4 , 12 , 2 
,Pneumonia," 4,008 "," 2,407 "," 4,040 "," 2,406 "," 4,516 "," 2,651 "," 5,257 "," 3,198 "," 5,854 "," 3,403 "," 6,350 "," 3,633 "," 6,940 "," 4,058 "," 7,264 "," 3,976 "," 7,199 "," 4,006 "," 6,380 "," 3,724 "
,Other acute lower respiratory infections, 30 , 9 , 23 , 9 , 24 , 10 , 26 , 12 , 17 , 8 , 28 , 7 , 18 , 14 , 24 , 10 , 24 , 13 , 19 , 4 
,Chronic lower respiratory diseases," 5,123 "," 2,185 "," 5,111 "," 2,257 "," 5,147 "," 2,212 "," 5,456 "," 2,435 "," 5,489 "," 2,420 "," 5,428 "," 2,502 "," 5,600 "," 2,490 "," 5,555 "," 2,380 "," 5,565 "," 2,435 "," 5,304 "," 2,260 "
,Remainder of diseases of the respiratory system, 739 , 473 , 835 , 492 , 916 , 538 , 979 , 617 ," 1,071 ", 614 ," 1,083 ", 684 ," 1,468 ", 822 ," 1,189 ", 691 ," 1,330 ", 812 ," 1,205 ", 712 
,Gastric and duodenal ulcer," 2,227 ", 680 ," 2,190 ", 678 ," 2,270 ", 664 ," 2,203 ", 660 ," 1,973 ", 615 ," 2,013 ", 633 ," 1,830 ", 583 ," 1,818 ", 586 ," 1,829 ", 618 ," 1,870 ", 567 
,Diseases of the liver," 4,595 "," 1,051 "," 4,498 ", 909 ," 4,689 "," 1,009 "," 4,774 "," 1,097 "," 4,851 "," 1,092 "," 4,727 "," 1,100 "," 4,513 "," 1,117 "," 4,847 "," 1,102 "," 4,807 "," 1,161 "," 4,817 "," 1,227 "
,Remainder of diseases of the digestive system," 3,555 ", 779 ," 3,643 ", 833 ," 3,512 ", 873 ," 3,375 ", 824 ," 3,247 ", 829 ," 3,376 ", 841 ," 3,298 ", 975 ," 3,104 "," 1,002 "," 3,261 "," 1,019 "," 3,259 "," 1,058 "
,Diseases of the skin and subcutaneous tissue, 269 , 164 , 267 , 192 , 306 , 172 , 242 , 181 , 233 , 176 , 227 , 152 , 236 , 184 , 311 , 195 , 351 , 242 , 370 , 251 
,Diseases of the musculoskeletal system and connective tissue, 247 , 423 , 226 , 410 , 198 , 446 , 208 , 418 , 193 , 443 , 190 , 420 , 283 , 498 , 296 , 472 , 357 , 500 , 388 , 662 
,Glomerular and renal tubulo-interstitial diseases," 1,164 ", 832 ," 1,086 ", 830 ," 1,120 ", 827 ," 1,200 ", 812 ," 1,183 ", 751 ," 1,142 ", 798 ," 1,212 ", 821 ," 1,326 ", 835 ," 1,385 ", 960 ," 1,497 "," 1,016 "
,Remainder of diseases of the genitourinary system," 4,089 "," 2,520 "," 4,247 "," 2,641 "," 4,392 "," 2,678 "," 4,825 "," 2,946 "," 4,961 "," 3,084 "," 5,201 "," 3,097 "," 4,812 "," 2,992 "," 5,512 "," 3,509 "," 5,769 "," 3,392 "," 5,881 "," 3,336 "
,Pregnancy with abortive outcome, -   , 163 , -   , 149 , -   , 165 , -   , 142 , -   , 155 , -   , 121 , -   , 141 , -   , 156 , -   , 176 , -   , 173 
,Other direct obstetric deaths, -   ," 1,397 ", -   ," 1,416 ", -   ," 1,448 ", -   ," 1,361 ", -   ," 1,460 ", 1 ," 1,249 ", -   ," 1,234 ", -   ," 1,298 ", -   ," 1,394 ", -   ," 1,429 "
,Indirect obstetric deaths, -   , 152 , -   , 100 , -   , 112 , -   , 93 , -   , 95 , -   , 91 , -   , 67 , -   , 62 , -   , 65 , -   , 109 
,"Remainder of pregnancy, childbirth and the puerperium", -   , 9 , -   , 5 , -   , 4 , -   , 2 , -   , 5 , -   , 3 , -   , 5 , -   , 6 , -   , 3 , -   , 7 
,"Fetus and newborn affected by maternal factors and by complications of pregnancy, 
   labour and delivery", -   , -   , -   , -   , -   , -   , -   , -   , -   , -   , -   , -   , -   , -   , -   , -   , -   , -   , -   , -   
,Disorders relating to length of gestation and fetal growth, -   , -   , -   , -   , -   , -   , -   , -   , -   , -   , -   , -   , -   , -   , -   , -   , -   , -   , -   , -   
,Birth Trauma, -   , -   , -   , -   , -   , -   , -   , -   , -   , -   , -   , -   , -   , -   , -   , -   , -   , -   , -   , -   
,Intrauterine hypoxia and birth asphyxia, -   , -   , -   , -   , -   , -   , -   , -   , -   , -   , -   , -   , -   , -   , -   , -   , -   , -   , -   , -   
,Respiratory distress of newborn, -   , -   , -   , -   , -   , -   , -   , -   , -   , -   , -   , -   , -   , -   , -   , -   , -   , -   , -   , -   
,Congenital pneumonia, -   , -   , -   , -   , -   , -   , -   , -   , -   , -   , -   , -   , -   , -   , -   , -   , -   , -   , -   , -   
,Other respiratory conditions of newborn, -   , -   , -   , -   , -   , -   , -   , -   , -   , -   , -   , -   , -   , -   , -   , -   , -   , -   , -   , -   
,Bacterial sepsis of newborn, -   , -   , -   , -   , -   , -   , -   , -   , -   , -   , -   , -   , -   , -   , -   , -   , -   , -   , -   , -   
,Omphalitis of newborn with or without mild haemorrhage, -   , -   , -   , -   , -   , -   , -   , -   , -   , -   , -   , -   , -   , -   , -   , -   , -   , -   , -   , -   
,Haemorrhagic and haematological disorders of fetus and newborn, -   , -   , -   , -   , -   , -   , -   , -   , -   , -   , -   , -   , -   , -   , -   , -   , -   , -   , -   , -   
,Remainder of perinatal conditions, -   , -   , -   , -   , -   , -   , -   , -   , -   , -   , -   , -   , -   , -   , -   , -   , -   , -   , -   , -   
,"Congenital malformations, deformations and chromosomal abnormalities", 370 , 355 , 340 , 344 , 431 , 366 , 405 , 359 , 390 , 366 , 339 , 324 , 385 , 353 , 259 , 238 , 279 , 249 , 303 , 290 
,"Symptoms, signs and abnormal clinical and laboratory findings, not elsewhere 
   classified"," 4,270 "," 2,034 "," 3,319 "," 1,410 "," 3,033 "," 1,364 "," 2,908 "," 1,237 "," 2,455 "," 1,113 "," 2,559 "," 1,134 "," 3,983 "," 1,808 "," 3,371 "," 1,575 "," 3,826 "," 1,855 "," 3,615 "," 1,604 "
,Land Transport accidents," 4,429 ", 922 ," 4,796 "," 1,021 "," 4,673 ", 936 ," 5,229 "," 1,010 "," 5,806 "," 1,091 "," 5,625 ", 986 ," 5,793 "," 1,037 "," 6,142 "," 1,075 "," 6,304 "," 1,149 "," 7,038 "," 1,189 "
,Water Transport accidents, 21 , 16 , 14 , 1 , 182 , 148 , 13 , 17 , 7 , -   , 8 , -   , 14 , 1 , 6 , 6 , 7 , 4 , 8 , -   
,Air and space transport accidents, 2 , -   , 4 , -   , 1 , 1 , 11 , 3 , 4 , -   , 3 , 1 , 3 , 2 , 2 , -   , 1 , -   , 4 , -   
,Other and unspecified transport accidents, 5 , 3 , 5 , 1 , 2 , 2 , 2 , -   , 3 , 2 , 1 , -   , 15 , 9 , 9 , 4 , 6 , 4 , 6 , -   
,Falls, 735 , 138 , 730 , 140 , 785 , 152 , 794 , 141 , 843 , 140 , 849 , 146 , 765 , 173 , 870 , 175 , 860 , 180 , 917 , 189 
,Accidental drowning and submersion," 1,364 ", 286 ," 1,226 ", 205 ," 1,605 ", 280 ," 1,496 ", 252 ," 1,292 ", 229 ," 1,538 ", 339 ," 1,374 ", 283 ," 1,383 ", 250 ," 1,298 ", 216 ," 1,331 ", 293 
,"Exposure to smoke, fire and flames", 135 , 74 , 116 , 57 , 95 , 54 , 149 , 62 , 153 , 78 , 118 , 53 , 120 , 45 , 113 , 52 , 110 , 62 , 141 , 104 
,Accidental poisoning by and exposure to noxious substances, 63 , 21 , 69 , 25 , 83 , 25 , 79 , 29 , 79 , 38 , 74 , 21 , 50 , 13 , 88 , 25 , 96 , 23 , 112 , 29 
,Intentional self-harm," 1,259 ", 352 ," 1,205 ", 376 ," 1,302 ", 364 ," 1,437 ", 484 ," 1,496 ", 453 ," 1,685 ", 517 ," 1,626 ", 414 ," 1,495 ", 355 ," 1,628 ", 350 ," 1,830 ", 436 
,Assault," 11,541 ", 802 ," 11,146 ", 814 ," 10,936 ", 844 ," 10,777 ", 781 ," 10,793 ", 858 ," 10,394 ", 911 ," 9,999 ", 905 ," 9,836 ", 889 ," 9,730 ", 877 ," 9,570 ", 913 
,All other external causes," 4,799 "," 1,251 "," 4,523 ", 851 ," 4,907 ", 922 ," 4,751 "," 1,028 "," 4,774 ", 964 ," 4,314 ", 992 ," 4,789 "," 1,009 "," 5,789 "," 2,045 "," 5,271 ", 992 ," 5,814 "," 1,105 "
,Other diseases not included in the general lists of mortality tabulation, -   , -   , 1 , 1 , 1 , -   , 2 , -   , -   , 1 , 19 , 8 , 148 , 80 , -   , 1 , -   , -   , 1 , -   
AGE 65 AND OVER,," 100,580 "," 97,909 "," 101,113 "," 99,733 "," 106,721 "," 105,485 "," 111,691 "," 109,985 "," 112,245 "," 112,970 "," 115,646 "," 115,153 "," 120,950 "," 121,348 "," 125,151 "," 125,974 "," 131,932 "," 133,317 "," 133,577 "," 135,382 "
,Cholera, 16 , 21 , 2 , 3 , 3 , 1 , 1 , 2 , -   , 2 , -   , 2 , 4 , 10 , 1 , 1 , 3 , 1 , 1 , 3 
,Diarrhoea and gastroenteritis of presumed infectious origin, 457 , 484 , 418 , 509 , 463 , 488 , 460 , 534 , 387 , 456 , 445 , 500 , 487 , 521 , 351 , 404 , 397 , 446 , 461 , 526 
,Other intestinal infectious diseases, 79 , 90 , 95 , 87 , 92 , 91 , 92 , 75 , 69 , 79 , 71 , 49 , 109 , 117 , 70 , 79 , 128 , 124 , 73 , 72 
,Respiratory tuberculosis," 6,347 "," 3,184 "," 5,938 "," 3,092 "," 6,068 "," 3,144 "," 6,214 "," 3,142 "," 6,137 "," 3,000 "," 5,975 "," 2,972 "," 5,567 "," 2,684 "," 5,802 "," 2,706 "," 5,921 "," 2,845 "," 6,596 "," 3,196 "
,Other tuberculosis, 70 , 75 , 77 , 63 , 78 , 62 , 71 , 53 , 72 , 47 , 61 , 45 , 99 , 59 , 69 , 52 , 51 , 45 , 96 , 60 
,Plague, -   , 1 , -   , -   , -   , -   , -   , -   , -   , -   , -   , -   , 8 , 21 , 1 , 2 , -   , 3 , -   , 2 
,Tetanus, 82 , 45 , 72 , 53 , 76 , 48 , 65 , 33 , 52 , 52 , 73 , 54 , 67 , 40 , 67 , 56 , 66 , 48 , 65 , 43 
,Diphtheria, -   , -   , -   , -   , -   , -   , -   , -   , -   , 1 , -   , -   , 4 , 1 , -   , 1 , -   , 1 , -   , -   
,Whooping cough, -   , -   , -   , -   , -   , -   , -   , 1 , -   , -   , -   , 1 , -   , -   , -   , -   , -   , -   , -   , -   
,Meningococcal infection, 5 , 4 , 2 , 1 , 4 , 2 , 1 , 6 , 1 , -   , -   , -   , 7 , 9 , 2 , 1 , 2 , 4 , 4 , 3 
,Septicaemia," 1,049 "," 1,302 "," 1,432 "," 1,728 "," 1,645 "," 2,098 "," 2,030 "," 2,677 "," 1,981 "," 2,829 "," 2,079 "," 2,790 "," 1,947 "," 2,664 "," 1,277 "," 1,676 "," 1,333 "," 1,725 "," 1,440 "," 1,801 "
,Infections with a predominantly sexual mode of transmission, 1 , 4 , 2 , 4 , 2 , 1 , 5 , 2 , 2 , 1 , 2 , 3 , 33 , 37 , 4 , 6 , 34 , 54 , 5 , 2 
,Acute poliomyelitis, 1 , -   , -   , -   , 1 , -   , -   , 1 , -   , 1 , -   , -   , 1 , 2 , -   , 1 , 1 , 3 , 2 , -   
,Rabies, 16 , 18 , 20 , 19 , 18 , 14 , 16 , 12 , 14 , 10 , 12 , 5 , 15 , 8 , 12 , 7 , 17 , 11 , 12 , 10 
,Yellow fever, -   , -   , -   , -   , -   , -   , -   , -   , -   , -   , -   , -   , -   , -   , -   , -   , -   , -   , -   , -   
,Other arthropod-borne viral fevers and viral haemorrhagic fevers, 11 , 8 , 11 , 14 , 11 , 10 , 15 , 24 , 24 , 20 , 11 , 25 , 13 , 15 , 28 , 28 , 18 , 26 , 38 , 40 
,Measles, 2 , -   , -   , -   , -   , -   , -   , -   , 2 , -   , -   , -   , 1 , -   , -   , 1 , 2 , -   , -   , -   
,Viral hepatitis, 75 , 57 , 76 , 68 , 64 , 66 , 53 , 71 , 55 , 66 , 57 , 50 , 62 , 65 , 62 , 56 , 75 , 75 , 70 , 78 
,Human immunodeficiency virus [HIV] disease, -   , -   , -   , -   , 2 , -   , 1 , -   , 2 , -   , 1 , -   , 3 , 1 , 1 , -   , -   , -   , 1 , 1 
,Malaria, 18 , 7 , 5 , 9 , 4 , 9 , 4 , 3 , -   , 3 , 1 , -   , 4 , 1 , 3 , 1 , 1 , 4 , 1 , -   
,Leishmaniasis, -   , -   , -   , -   , -   , -   , -   , -   , -   , -   , -   , -   , -   , -   , -   , -   , -   , -   , -   , -   
,Trypanosomiasis, 1 , -   , -   , -   , 2 , -   , -   , -   , 2 , 2 , -   , -   , 1 , 1 , 1 , 1 , 1 , -   , -   , 1 
,Schistosomiasis [bilharziasis], 48 , 27 , 38 , 34 , 51 , 30 , 37 , 26 , 33 , 22 , 58 , 31 , 51 , 30 , 56 , 28 , 60 , 33 , 65 , 39 
,Remainder of certain infectious and parasitic diseases, 105 , 96 , 78 , 65 , 76 , 68 , 100 , 56 , 52 , 68 , 60 , 50 , 281 , 237 , 107 , 96 , 100 , 102 , 93 , 105 
,Malignant Neoplasms," 9,290 "," 7,386 "," 9,569 "," 7,897 "," 10,159 "," 8,134 "," 10,397 "," 8,403 "," 10,699 "," 8,907 "," 10,996 "," 9,034 "," 10,851 "," 8,947 "," 11,577 "," 9,767 "," 11,947 "," 10,227 "," 13,006 "," 11,027 "
,Remainder of Neoplasms, 399 , 403 , 494 , 472 , 522 , 521 , 510 , 462 , 520 , 455 , 527 , 487 , 698 , 665 , 770 , 711 , 792 , 708 , 927 , 809 
,Anaemias, 552 , 602 , 530 , 643 , 533 , 590 , 475 , 581 , 512 , 624 , 524 , 601 , 553 , 654 , 499 , 628 , 656 , 793 , 533 , 654 
,"Remainder of diseases of the blood and blood-forming organs and certain disorders 
   involving the immune mechanism", 50 , 80 , 50 , 72 , 58 , 71 , 46 , 72 , 55 , 80 , 60 , 69 , 77 , 107 , 63 , 80 , 85 , 106 , 89 , 122 
,Diabetes Mellitus," 4,055 "," 6,040 "," 4,273 "," 6,315 "," 4,723 "," 6,879 "," 4,679 "," 6,643 "," 4,366 "," 6,316 "," 4,412 "," 6,283 "," 4,673 "," 6,761 "," 5,674 "," 8,001 "," 6,752 "," 9,195 "," 7,370 "," 10,012 "
,Malnutrition, 517 , 740 , 428 , 803 , 494 , 867 , 456 , 780 , 459 , 813 , 391 , 654 , 524 , 879 , 523 , 875 , 539 , 993 , 680 ," 1,206 "
,"Remainder endocrine, nutritional and metabolic diseases", 513 , 959 , 590 ," 1,084 ", 720 ," 1,216 ", 773 ," 1,319 ", 801 ," 1,460 ", 960 ," 1,723 ", 977 ," 1,677 "," 1,148 "," 1,914 "," 1,259 "," 2,107 "," 1,077 "," 1,839 "
,Mental and behavioural disorders due to psychoactive substance use, 66 , 8 , 55 , 3 , 46 , 12 , 31 , 6 , 37 , 12 , 28 , 17 , 51 , 13 , 40 , 5 , 46 , 8 , 24 , 11 
,Remainder of mental and behavioural disorders, 67 , 89 , 31 , 69 , 51 , 66 , 50 , 76 , 47 , 109 , 86 , 146 , 79 , 91 , 68 , 113 , 66 , 131 , 59 , 69 
,Meningitis, 29 , 18 , 19 , 26 , 28 , 31 , 25 , 31 , 29 , 29 , 20 , 29 , 24 , 27 , 19 , 26 , 34 , 34 , 32 , 30 
,Alzheimer's disease, 97 , 180 , 109 , 187 , 133 , 203 , 126 , 188 , 118 , 226 , 97 , 200 , 127 , 217 , 119 , 259 , 110 , 215 , 125 , 263 
,Remainder of diseases of the nervous system, 338 , 360 , 362 , 376 , 365 , 360 , 369 , 370 , 366 , 369 , 313 , 345 , 479 , 523 , 487 , 656 , 541 , 606 , 463 , 556 
,Diseases of the eye and adnexa, 4 , 6 , 2 , 12 , 7 , 11 , 7 , 9 , 2 , 2 , 6 , 9 , 19 , 23 , 6 , 8 , 2 , 2 , 8 , 2 
,Diseases of the ear and mastoid process, 5 , 9 , 1 , 5 , 2 , 6 , 6 , 10 , 1 , 1 , 11 , 15 , 7 , 14 , 3 , 1 , 2 , 1 , 4 , -   
,Acute rheumatic fever and chronic rheumatic heart diseases, 40 , 75 , 43 , 64 , 45 , 84 , 62 , 96 , 54 , 68 , 43 , 100 , 53 , 94 , 35 , 96 , 49 , 85 , 61 , 114 
,Hypertensive diseases," 5,090 "," 5,425 "," 4,844 "," 5,330 "," 5,239 "," 5,686 "," 5,030 "," 5,822 "," 4,812 "," 5,541 "," 4,781 "," 5,458 "," 6,559 "," 7,512 "," 8,190 "," 9,154 "," 9,784 "," 10,884 "," 9,696 "," 10,863 "
,Ischaemic heart diseases," 13,272 "," 13,777 "," 13,736 "," 14,088 "," 14,362 "," 14,953 "," 16,158 "," 16,755 "," 16,427 "," 17,259 "," 17,304 "," 17,700 "," 16,900 "," 17,540 "," 17,735 "," 18,285 "," 18,026 "," 18,399 "," 18,758 "," 18,856 "
,Other heart diseases," 5,465 "," 6,419 "," 6,764 "," 7,984 "," 7,143 "," 8,380 "," 7,740 "," 9,623 "," 7,910 "," 9,930 "," 8,347 "," 10,334 "," 9,647 "," 11,324 "," 8,888 "," 10,809 "," 9,177 "," 11,519 "," 8,376 "," 10,701 "
,Cerebrovascular diseases," 12,769 "," 13,207 "," 13,077 "," 13,783 "," 13,584 "," 14,475 "," 15,286 "," 16,041 "," 15,794 "," 16,851 "," 15,771 "," 17,241 "," 14,449 "," 15,835 "," 14,342 "," 15,641 "," 14,030 "," 15,080 "," 15,388 "," 17,129 "
,Atherosclerosis, 755 ," 1,138 ", 737 ," 1,099 ", 838 ," 1,193 ", 752 ," 1,043 ", 700 ," 1,046 ", 698 ," 1,015 ", 609 , 908 , 487 , 709 , 549 , 814 , 412 , 651 
,Remainder of diseases of the circulatory system, 316 , 261 , 329 , 260 , 348 , 288 , 305 , 266 , 340 , 260 , 336 , 288 , 295 , 290 , 526 , 485 , 570 , 609 , 481 , 393 
,Influenza, 43 , 44 , 30 , 47 , 33 , 50 , 14 , 40 , 16 , 34 , 11 , 12 , 20 , 26 , 18 , 27 , 13 , 17 , 15 , 19 
,Pneumonia," 10,538 "," 13,160 "," 10,757 "," 13,544 "," 12,108 "," 15,186 "," 12,892 "," 15,660 "," 13,647 "," 16,962 "," 14,622 "," 17,762 "," 15,415 "," 18,176 "," 16,168 "," 19,418 "," 16,753 "," 19,942 "," 15,638 "," 19,198 "
,Other acute lower respiratory infections, 28 , 29 , 28 , 25 , 29 , 30 , 24 , 27 , 28 , 23 , 18 , 20 , 39 , 36 , 24 , 16 , 22 , 16 , 25 , 23 
,Chronic lower respiratory diseases," 9,218 "," 3,928 "," 9,098 "," 3,958 "," 9,617 "," 4,123 "," 9,884 "," 4,163 "," 9,874 "," 4,283 "," 10,209 "," 4,335 "," 10,603 "," 4,776 "," 10,723 "," 4,318 "," 11,231 "," 4,629 "," 10,749 "," 4,655 "
,Remainder of diseases of the respiratory system, 775 , 773 , 826 , 796 , 911 , 952 , 879 , 935 , 983 ," 1,024 "," 1,031 "," 1,105 "," 1,351 "," 1,358 "," 1,222 "," 1,224 "," 1,355 "," 1,483 "," 1,236 "," 1,314 "
,Gastric and duodenal ulcer," 2,181 "," 1,361 "," 2,161 "," 1,329 "," 2,147 "," 1,347 "," 2,162 "," 1,315 "," 1,856 "," 1,276 "," 1,941 "," 1,214 "," 1,816 "," 1,203 "," 1,854 "," 1,210 "," 1,887 "," 1,320 "," 1,920 "," 1,322 "
,Diseases of the liver," 1,432 ", 853 ," 1,381 ", 819 ," 1,484 ", 886 ," 1,587 ", 949 ," 1,546 ", 887 ," 1,435 ", 935 ," 1,482 ", 960 ," 1,580 "," 1,016 "," 1,629 ", 994 ," 1,691 "," 1,171 "
,Remainder of diseases of the digestive system," 1,104 ", 906 ," 1,213 ", 898 ," 1,189 ", 921 ," 1,137 ", 877 ," 1,098 ", 865 ," 1,152 ", 968 ," 1,274 "," 1,071 "," 1,461 "," 1,143 "," 1,525 "," 1,235 "," 1,605 "," 1,364 "
,Diseases of the skin and subcutaneous tissue, 366 , 594 , 388 , 696 , 421 , 640 , 387 , 696 , 359 , 630 , 335 , 621 , 398 , 652 , 419 , 776 , 548 ," 1,010 ", 526 ," 1,073 "
,Diseases of the musculoskeletal system and connective tissue, 594 , 725 , 475 , 564 , 439 , 555 , 387 , 518 , 372 , 446 , 331 , 381 , 358 , 402 , 349 , 405 , 423 , 520 , 480 , 626 
,Glomerular and renal tubulo-interstitial diseases, 501 , 385 , 505 , 397 , 454 , 394 , 490 , 402 , 535 , 429 , 516 , 380 , 546 , 485 , 558 , 453 , 694 , 548 , 695 , 523 
,Remainder of diseases of the genitourinary system," 3,214 "," 2,499 "," 3,401 "," 2,549 "," 3,475 "," 2,654 "," 3,763 "," 2,833 "," 3,771 "," 2,967 "," 3,772 "," 2,903 "," 3,687 "," 2,985 "," 4,044 "," 3,432 "," 4,296 "," 3,500 "," 4,764 "," 3,779 "
,Pregnancy with abortive outcome, -   , -   , -   , -   , -   , -   , -   , -   , -   , -   , -   , -   , -   , -   , -   , -   , -   , -   , -   , -   
,Other direct obstetric deaths, -   , -   , -   , 1 , -   , -   , -   , 1 , -   , -   , -   , 3 , -   , -   , -   , -   , -   , -   , 1 , -   
,Indirect obstetric deaths, -   , -   , -   , -   , -   , -   , -   , -   , -   , -   , -   , -   , -   , -   , -   , -   , -   , -   , -   , -   
,"Remainder of pregnancy, childbirth and the puerperium", -   , -   , -   , -   , -   , -   , -   , -   , -   , -   , -   , -   , -   , -   , -   , -   , -   , -   , -   , -   
,"Fetus and newborn affected by maternal factors and by complications of pregnancy, 
   labour and delivery", -   , -   , -   , -   , -   , -   , -   , -   , -   , -   , -   , -   , -   , -   , -   , -   , -   , -   , -   , -   
,Disorders relating to length of gestation and fetal growth, -   , -   , -   , -   , -   , -   , -   , -   , -   , -   , -   , -   , -   , -   , -   , -   , -   , -   , -   , -   
,Birth Trauma, -   , -   , -   , -   , -   , -   , -   , -   , -   , -   , -   , -   , -   , -   , -   , -   , -   , -   , -   , -   
,Intrauterine hypoxia and birth asphyxia, -   , -   , -   , -   , -   , -   , -   , -   , -   , -   , -   , -   , -   , -   , -   , -   , -   , -   , -   , -   
,Respiratory distress of newborn, -   , -   , -   , -   , -   , -   , -   , -   , -   , -   , -   , -   , -   , -   , -   , -   , -   , -   , -   , -   
,Congenital pneumonia, -   , -   , -   , -   , -   , -   , -   , -   , -   , -   , -   , -   , -   , -   , -   , -   , -   , -   , -   , -   
,Other respiratory conditions of newborn, -   , -   , -   , -   , -   , -   , -   , -   , -   , -   , -   , -   , -   , -   , -   , -   , -   , -   , -   , -   
,Bacterial sepsis of newborn, -   , -   , -   , -   , -   , -   , -   , -   , -   , -   , -   , -   , -   , -   , -   , -   , -   , -   , -   , -   
,Omphalitis of newborn with or without mild haemorrhage, -   , -   , -   , -   , -   , -   , -   , -   , -   , -   , -   , -   , -   , -   , -   , -   , -   , -   , -   , -   
,Haemorrhagic and haematological disorders of fetus and newborn, -   , -   , -   , -   , -   , -   , -   , -   , -   , -   , -   , -   , -   , -   , -   , -   , -   , -   , -   , -   
,Remainder of perinatal conditions, -   , -   , -   , -   , -   , -   , -   , -   , -   , -   , -   , -   , -   , -   , -   , -   , -   , -   , -   , -   
,"Congenital malformations, deformations and chromosomal abnormalities", 24 , 17 , 14 , 15 , 20 , 27 , 25 , 26 , 32 , 28 , 21 , 26 , 65 , 67 , 19 , 19 , 24 , 28 , 11 , 30 
,"Symptoms, signs and abnormal clinical and laboratory findings, not elsewhere 
   classified"," 6,425 "," 8,585 "," 4,542 "," 6,457 "," 4,258 "," 6,032 "," 3,450 "," 4,665 "," 3,005 "," 4,493 "," 3,372 "," 4,472 "," 4,929 "," 6,565 "," 4,948 "," 6,903 "," 5,837 "," 8,182 "," 4,933 "," 7,050 "
,Land Transport accidents, 421 , 281 , 406 , 319 , 376 , 292 , 413 , 336 , 454 , 355 , 438 , 330 , 472 , 337 , 495 , 365 , 516 , 406 , 665 , 469 
,Water Transport accidents, 4 , 2 , -   , -   , 2 , 10 , -   , 2 , -   , -   , -   , 1 , 1 , -   , 2 , 1 , 1 , 2 , -   , -   
,Air and space transport accidents, -   , -   , -   , -   , -   , -   , 1 , -   , -   , -   , -   , 1 , -   , -   , -   , -   , -   , -   , -   , -   
,Other and unspecified transport accidents, 2 , -   , 1 , -   , 1 , -   , -   , -   , -   , -   , -   , -   , 2 , -   , -   , -   , 1 , -   , -   , -   
,Falls, 302 , 317 , 353 , 338 , 367 , 399 , 375 , 360 , 417 , 437 , 390 , 460 , 419 , 459 , 474 , 524 , 520 , 501 , 495 , 594 
,Accidental drowning and submersion, 154 , 72 , 139 , 68 , 163 , 93 , 177 , 90 , 160 , 78 , 231 , 98 , 179 , 69 , 188 , 81 , 193 , 80 , 184 , 74 
,"Exposure to smoke, fire and flames", 39 , 53 , 41 , 47 , 39 , 47 , 45 , 36 , 44 , 54 , 33 , 37 , 36 , 40 , 36 , 37 , 29 , 43 , 53 , 39 
,Accidental poisoning by and exposure to noxious substances, 10 , 7 , 19 , 12 , 17 , 11 , 9 , 7 , 8 , 8 , 16 , 5 , 10 , 6 , 16 , 4 , 13 , 9 , 16 , 11 
,Intentional self-harm, 92 , 23 , 66 , 17 , 85 , 23 , 91 , 25 , 98 , 17 , 150 , 24 , 129 , 33 , 120 , 40 , 124 , 27 , 132 , 27 
,Assault, 400 , 111 , 365 , 73 , 398 , 119 , 385 , 112 , 378 , 88 , 381 , 103 , 373 , 79 , 316 , 85 , 327 , 78 , 349 , 83 
,All other external causes, 641 , 575 , 592 , 442 , 628 , 533 , 664 , 593 , 630 , 568 , 613 , 619 , 793 , 793 , 999 ," 1,044 ", 744 , 681 , 802 , 649 
,Other diseases not included in the general lists of mortality tabulation, -   , 4 , 3 , 1 , -   , 3 , 2 , 3 , -   , 1 , 11 , 13 , 138 , 146 , 5 , 7 , 1 , -   , -   , -   
NOT STATED,, 169 , 100 , 166 , 98 , -   , -   , -   , -   , 19 , 11 , 15 , 7 , 32 , 28 , 200 , 119 , 188 , 92 , 194 , 97 
,Cholera, -   , -   , -   , -   , -   , -   , -   , -   , -   , -   , -   , -   , -   , -   , -   , -   , -   , -   , 1 , -   
,Diarrhoea and gastroenteritis of presumed infectious origin, 2 , 3 , 3 , 1 , -   , -   , -   , -   , -   , -   , -   , -   , -   , -   , 2 , 1 , 1 , -   , 2 , 1 
,Other intestinal infectious diseases, 1 , 1 , 3 , 3 , -   , -   , -   , -   , -   , -   , -   , -   , -   , -   , 2 , -   , 1 , 1 , 1 , 2 
,Respiratory tuberculosis, 19 , 10 , 6 , 6 , -   , -   , -   , -   , 2 , -   , -   , -   , -   , 2 , 11 , 4 , 11 , 1 , 12 , 6 
,Other tuberculosis, 1 , -   , 1 , -   , -   , -   , -   , -   , -   , -   , -   , -   , -   , -   , -   , -   , -   , -   , -   , -   
,Plague, -   , -   , -   , -   , -   , -   , -   , -   , -   , -   , -   , -   , -   , -   , -   , -   , -   , -   , -   , -   
,Tetanus, -   , -   , -   , -   , -   , -   , -   , -   , -   , -   , -   , -   , -   , -   , -   , -   , -   , -   , 1 , -   
,Diphtheria, -   , -   , -   , -   , -   , -   , -   , -   , -   , -   , -   , -   , -   , -   , -   , -   , -   , -   , -   , -   
,Whooping cough, -   , -   , -   , -   , -   , -   , -   , -   , -   , -   , -   , -   , -   , -   , -   , -   , -   , -   , -   , -   
,Meningococcal infection, -   , -   , -   , -   , -   , -   , -   , -   , -   , -   , -   , -   , -   , -   , -   , -   , -   , -   , -   , -   
,Septicaemia, 3 , 2 , 3 , 4 , -   , -   , -   , -   , -   , -   , -   , -   , -   , 1 , 2 , 2 , 3 , -   , 1 , 2 
,Infections with a predominantly sexual mode of transmission, -   , -   , -   , -   , -   , -   , -   , -   , -   , -   , -   , -   , -   , -   , -   , -   , -   , -   , -   , -   
,Acute poliomyelitis, -   , -   , -   , -   , -   , -   , -   , -   , -   , -   , -   , -   , -   , -   , -   , -   , -   , -   , -   , -   
,Rabies, 1 , -   , -   , -   , -   , -   , -   , -   , -   , -   , -   , -   , -   , -   , -   , -   , -   , -   , -   , -   
,Yellow fever, -   , -   , -   , -   , -   , -   , -   , -   , -   , -   , -   , -   , -   , -   , -   , -   , -   , -   , -   , -   
,Other arthropod-borne viral fevers and viral haemorrhagic fevers, -   , -   , -   , -   , -   , -   , -   , -   , -   , -   , -   , -   , -   , -   , -   , -   , -   , -   , -   , -   
,Measles, -   , -   , -   , -   , -   , -   , -   , -   , -   , -   , -   , -   , -   , -   , -   , -   , -   , -   , -   , -   
,Viral hepatitis, -   , 2 , 1 , -   , -   , -   , -   , -   , -   , -   , -   , -   , -   , -   , -   , -   , -   , -   , 1 , 1 
,Human immunodeficiency virus [HIV] disease, -   , -   , -   , -   , -   , -   , -   , -   , -   , -   , -   , -   , -   , -   , -   , -   , -   , -   , -   , -   
,Malaria, 1 , -   , -   , -   , -   , -   , -   , -   , -   , -   , -   , -   , -   , -   , -   , -   , -   , -   , -   , -   
,Leishmaniasis, -   , -   , -   , -   , -   , -   , -   , -   , -   , -   , -   , -   , -   , -   , -   , -   , -   , -   , -   , -   
,Trypanosomiasis, -   , -   , -   , -   , -   , -   , -   , -   , -   , -   , -   , -   , -   , -   , -   , -   , -   , -   , -   , -   
,Schistosomiasis [bilharziasis], -   , -   , -   , -   , -   , -   , -   , -   , -   , -   , -   , -   , -   , -   , -   , -   , -   , -   , -   , -   
,Remainder of certain infectious and parasitic diseases, 1 , -   , -   , -   , -   , -   , -   , -   , -   , -   , -   , -   , -   , -   , -   , -   , -   , -   , -   , -   
,Malignant Neoplasms, 3 , 4 , -   , 2 , -   , -   , -   , -   , 1 , -   , -   , -   , -   , 1 , 4 , 2 , 3 , 1 , 2 , 3 
,Remainder of Neoplasms, -   , 1 , -   , -   , -   , -   , -   , -   , -   , -   , -   , -   , -   , -   , -   , -   , -   , -   , -   , -   
,Anaemias, 1 , -   , -   , 1 , -   , -   , -   , -   , -   , -   , -   , -   , -   , -   , -   , 1 , 9 , 3 , -   , -   
,"Remainder of diseases of the blood and blood-forming organs and certain disorders 
   involving the immune mechanism", -   , -   , 1 , -   , -   , -   , -   , -   , -   , -   , -   , -   , -   , -   , -   , -   , -   , -   , -   , 1 
,Diabetes Mellitus, 1 , -   , 5 , 3 , -   , -   , -   , -   , -   , -   , -   , -   , 1 , -   , 2 , 3 , 7 , 3 , 3 , 5 
,Malnutrition, 4 , -   , 1 , 2 , -   , -   , -   , -   , -   , -   , -   , -   , 2 , -   , 2 , 1 , 1 , 2 , 2 , 2 
,"Remainder endocrine, nutritional and metabolic diseases", 4 , 4 , 3 , 2 , -   , -   , -   , -   , -   , -   , -   , -   , -   , -   , 6 , 3 , 1 , 2 , -   , 4 
,Mental and behavioural disorders due to psychoactive substance use, -   , 1 , 1 , -   , -   , -   , -   , -   , -   , -   , -   , -   , -   , -   , 1 , -   , -   , -   , -   , -   
,Remainder of mental and behavioural disorders, 1 , 1 , -   , 2 , -   , -   , -   , -   , -   , -   , -   , -   , -   , -   , 3 , 2 , -   , -   , -   , -   
,Meningitis, 1 , -   , -   , -   , -   , -   , -   , -   , -   , -   , -   , -   , -   , -   , -   , -   , -   , -   , -   , -   
,Alzheimer's disease, -   , -   , -   , -   , -   , -   , -   , -   , -   , -   , -   , -   , -   , -   , -   , -   , -   , -   , -   , -   
,Remainder of diseases of the nervous system, 1 , -   , 1 , -   , -   , -   , -   , -   , -   , -   , -   , -   , 1 , -   , 1 , 1 , 1 , 1 , -   , 1 
,Diseases of the eye and adnexa, -   , -   , -   , -   , -   , -   , -   , -   , -   , -   , -   , -   , -   , -   , 1 , -   , -   , -   , -   , -   
,Diseases of the ear and mastoid process, -   , -   , -   , -   , -   , -   , -   , -   , -   , -   , -   , -   , -   , -   , -   , -   , -   , -   , -   , -   
,Acute rheumatic fever and chronic rheumatic heart diseases, -   , -   , -   , -   , -   , -   , -   , -   , -   , -   , -   , -   , -   , -   , -   , -   , 1 , 1 , -   , -   
,Hypertensive diseases, 7 , 4 , 7 , 5 , -   , -   , -   , -   , -   , -   , -   , -   , -   , -   , 9 , 6 , 7 , 5 , 7 , -   
,Ischaemic heart diseases, 20 , 10 , 21 , 15 , -   , -   , -   , -   , 4 , 1 , 2 , 1 , 1 , 2 , 22 , 17 , 17 , 9 , 20 , 12 
,Other heart diseases, 5 , 6 , 8 , 3 , -   , -   , -   , -   , 2 , 4 , -   , -   , -   , 2 , 10 , 5 , 12 , 6 , 7 , 3 
,Cerebrovascular diseases, 12 , 9 , 9 , 6 , -   , -   , -   , -   , -   , -   , 1 , -   , 2 , 2 , 5 , 6 , 11 , 2 , 2 , 7 
,Atherosclerosis, -   , -   , -   , -   , -   , -   , -   , -   , -   , -   , -   , -   , -   , -   , -   , -   , -   , -   , -   , -   
,Remainder of diseases of the circulatory system, -   , -   , -   , -   , -   , -   , -   , -   , -   , -   , -   , -   , -   , -   , -   , -   , -   , -   , -   , -   
,Influenza, -   , -   , -   , -   , -   , -   , -   , -   , -   , -   , -   , -   , -   , -   , -   , -   , -   , -   , -   , -   
,Pneumonia, 14 , 13 , 17 , 16 , -   , -   , -   , -   , 1 , 1 , 3 , 2 , 2 , 2 , 19 , 13 , 13 , 17 , 13 , 9 
,Other acute lower respiratory infections, -   , -   , -   , -   , -   , -   , -   , -   , -   , -   , -   , -   , -   , -   , -   , -   , -   , -   , -   , -   
,Chronic lower respiratory diseases, 5 , 4 , 7 , 3 , -   , -   , -   , -   , -   , 1 , 1 , -   , 2 , 1 , 4 , 2 , 7 , 1 , 4 , 1 
,Remainder of diseases of the respiratory system, 1 , -   , 4 , 3 , -   , -   , -   , -   , -   , 1 , -   , -   , -   , -   , 1 , -   , -   , -   , 2 , -   
,Gastric and duodenal ulcer, 1 , -   , 3 , -   , -   , -   , -   , -   , -   , -   , -   , -   , -   , 1 , 3 , 1 , -   , -   , 2 , 1 
,Diseases of the liver, 6 , -   , 2 , 1 , -   , -   , -   , -   , -   , -   , -   , -   , -   , 1 , 1 , -   , 1 , 1 , 4 , 1 
,Remainder of diseases of the digestive system, 4 , -   , 2 , 1 , -   , -   , -   , -   , -   , -   , -   , -   , 1 , -   , 1 , 1 , 2 , -   , 1 , -   
,Diseases of the skin and subcutaneous tissue, 1 , 2 , 2 , 1 , -   , -   , -   , -   , -   , -   , -   , -   , -   , -   , -   , 1 , 2 , -   , -   , -   
,Diseases of the musculoskeletal system and connective tissue, -   , -   , -   , 1 , -   , -   , -   , -   , -   , -   , -   , -   , -   , -   , -   , 1 , -   , -   , -   , -   
,Glomerular and renal tubulo-interstitial diseases, -   , -   , -   , -   , -   , -   , -   , -   , -   , -   , -   , -   , -   , -   , -   , -   , -   , -   , -   , -   
,Remainder of diseases of the genitourinary system, 3 , -   , 2 , 1 , -   , -   , -   , -   , 1 , -   , -   , -   , -   , -   , 3 , 1 , 3 , -   , 4 , 3 
,Pregnancy with abortive outcome, -   , -   , -   , -   , -   , -   , -   , -   , -   , -   , -   , -   , -   , -   , -   , -   , -   , -   , -   , -   
,Other direct obstetric deaths, -   , -   , -   , -   , -   , -   , -   , -   , -   , -   , -   , -   , -   , -   , -   , -   , -   , -   , -   , -   
,Indirect obstetric deaths, -   , -   , -   , -   , -   , -   , -   , -   , -   , -   , -   , -   , -   , -   , -   , -   , -   , -   , -   , -   
,"Remainder of pregnancy, childbirth and the puerperium", -   , -   , -   , -   , -   , -   , -   , -   , -   , -   , -   , -   , -   , -   , -   , -   , -   , -   , -   , -   
,"Fetus and newborn affected by maternal factors and by complications of pregnancy, 
   labour and delivery", -   , -   , -   , -   , -   , -   , -   , -   , -   , -   , -   , -   , -   , -   , -   , -   , -   , -   , -   , -   
,Disorders relating to length of gestation and fetal growth, -   , -   , -   , -   , -   , -   , -   , -   , -   , -   , -   , -   , -   , -   , -   , -   , -   , -   , -   , -   
,Birth Trauma, -   , -   , -   , -   , -   , -   , -   , -   , -   , -   , -   , -   , -   , -   , -   , -   , -   , -   , -   , -   
,Intrauterine hypoxia and birth asphyxia, -   , -   , -   , -   , -   , -   , -   , -   , -   , -   , -   , -   , -   , -   , -   , -   , -   , -   , -   , -   
,Respiratory distress of newborn, -   , -   , -   , -   , -   , -   , -   , -   , -   , -   , -   , -   , -   , -   , -   , -   , -   , -   , -   , -   
,Congenital pneumonia, -   , -   , -   , -   , -   , -   , -   , -   , -   , -   , -   , -   , -   , -   , -   , -   , -   , -   , -   , -   
,Other respiratory conditions of newborn, -   , -   , -   , -   , -   , -   , -   , -   , -   , -   , -   , -   , -   , -   , -   , -   , -   , -   , -   , -   
,Bacterial sepsis of newborn, -   , -   , -   , -   , -   , -   , -   , -   , -   , -   , -   , -   , -   , -   , -   , -   , -   , -   , -   , -   
,Omphalitis of newborn with or without mild haemorrhage, -   , -   , -   , -   , -   , -   , -   , -   , -   , -   , -   , -   , -   , -   , -   , -   , -   , -   , -   , -   
,Haemorrhagic and haematological disorders of fetus and newborn, -   , -   , -   , -   , -   , -   , -   , -   , -   , -   , -   , -   , -   , -   , -   , -   , -   , -   , -   , -   
,Remainder of perinatal conditions, -   , -   , -   , -   , -   , -   , -   , -   , -   , -   , -   , -   , -   , -   , -   , -   , -   , -   , -   , -   
,"Congenital malformations, deformations and chromosomal abnormalities", 3 , 2 , 3 , 3 , -   , -   , -   , -   , 1 , 1 , 2 , -   , 1 , 1 , 1 , 1 , 2 , -   , 1 , 1 
,"Symptoms, signs and abnormal clinical and laboratory findings, not elsewhere 
   classified", 10 , 5 , 12 , 5 , -   , -   , -   , -   , 1 , 2 , 2 , 2 , 7 , 8 , 29 , 22 , 25 , 22 , 55 , 19 
,Land Transport accidents, 5 , 5 , 2 , 3 , -   , -   , -   , -   , 4 , -   , 1 , 1 , 2 , 2 , 8 , 11 , 12 , 4 , 12 , 3 
,Water Transport accidents, -   , -   , -   , -   , -   , -   , -   , -   , -   , -   , -   , -   , -   , -   , -   , -   , -   , -   , -   , -   
,Air and space transport accidents, -   , -   , -   , -   , -   , -   , -   , -   , -   , -   , -   , -   , -   , -   , -   , -   , -   , -   , -   , -   
,Other and unspecified transport accidents, -   , -   , -   , -   , -   , -   , -   , -   , -   , -   , -   , -   , -   , -   , -   , -   , -   , -   , -   , -   
,Falls, 2 , -   , 2 , -   , -   , -   , -   , -   , -   , -   , -   , -   , -   , -   , -   , -   , 2 , -   , -   , 1 
,Accidental drowning and submersion, 2 , -   , 3 , -   , -   , -   , -   , -   , 1 , -   , -   , 1 , 2 , -   , 10 , -   , 5 , 1 , 3 , 1 
,"Exposure to smoke, fire and flames", -   , -   , -   , 1 , -   , -   , -   , -   , -   , -   , -   , -   , 1 , -   , -   , -   , 1 , 1 , -   , 1 
,Accidental poisoning by and exposure to noxious substances, -   , -   , -   , -   , -   , -   , -   , -   , -   , -   , -   , -   , -   , -   , -   , -   , -   , 1 , -   , -   
,Intentional self-harm, -   , -   , -   , -   , -   , -   , -   , -   , -   , -   , -   , -   , 1 , -   , 1 , 1 , -   , -   , 2 , -   
,Assault, 14 , 2 , 22 , 2 , -   , -   , -   , -   , 1 , -   , 2 , -   , 2 , -   , 22 , 5 , 18 , 5 , 20 , 2 
,All other external causes, 9 , 9 , 9 , 2 , -   , -   , -   , -   , -   , -   , -   , -   , 4 , 2 , 14 , 5 , 9 , 2 , 9 , 3 
,Other diseases not included in the general lists of mortality tabulation, -   , -   , -   , -   , -   , -   , -   , -   , -   , -   , 1 , -   , -   , -   , -   , -   , -   , -   , -   , 1 
,,,,,,,,,,,,,,,,,,,,,
"Source: Philippine Statistics Authority, Civil Registration Service, Vital Statistics Division",,,,,,,,,,,,,,,,,,,,,
Notes: Figures are not adjusted for under-registration.,,,,,,,,,,,,,,,,,,,,,
,,,,,,,,,,,,,,,,,,,,,
,,,,,,,,,,,,,,,,,,,,,
,,,,,,,,,,,,,,,,,,,,,
,,,,,,,,,,,,,,,,,,,,,
,,,,,,,,,,,,,,,,,,,,,
,,,,,,,,,,,,,,,,,,,,,
